timestamp_s,hip,knee,ankle,shoulder,elbow
0.0,0.0,65.0,-6.667261889578034,6.062001655779399e-15,90.0
0.1,8.017766912503529,79.89013855179226,-3.9817050687181705,-10.308557458933096,86.56381418035564
0.2,15.683952258987325,94.12733990954789,-0.9022976946995742,-20.16508147584085,83.27830617471972
0.30000000000000004,22.662391434153243,107.08729837771315,2.4359272639735483,-29.13736041533988,80.28754652822005
0.4,28.647077715636716,118.20171575761104,5.886587607431283,-36.831957062961486,77.72268097901284
0.5,33.3755807536979,126.98322139972468,9.29837080930633,-42.911460969040164,75.69617967698662
0.6000000000000001,36.640554223457,133.0467435578487,12.521669117948491,-47.109284001587575,74.29690533280414
0.7000000000000001,38.2988280255537,136.12639490459975,15.415139902739014,-49.241350318569054,73.58621656047698
0.8,38.277686339411915,136.08713177319356,17.851903572284137,-49.21416815067247,73.59527728310918
0.9,36.578056234526564,132.93067586412076,19.725107283852452,-47.0289294443913,74.3236901852029
1.0,33.2744670181787,126.79543874804614,20.952610473671772,-42.7814575948012,75.73951413506627
1.1,28.511782102194154,117.95045247550343,21.480586746128385,-36.65800555996392,77.78066481334537
1.2000000000000002,22.498846697402016,106.78357243803231,21.28588417791032,-28.92708861094546,80.35763712968485
1.3,15.499329886361386,93.78446978895686,20.3770405370257,-19.92770985389324,83.35743004870226
1.4000000000000001,7.82016265230767,79.52315921142853,18.79390889902739,-10.054494838681297,86.64850172043957
1.5,-0.20192113966441494,65.37499640223392,16.605910077288605,0.25961289385424174,90.08653763128474
1.6,-8.21515062703142,80.25670830734407,13.90898849880393,10.562336520468941,93.52077884015631
1.7000000000000002,-15.86814321127326,94.46940882093605,10.821405011306084,20.401898414494188,96.8006328048314
1.8,-22.825312793808166,107.3898666170723,7.478551108411354,29.346830734896212,99.78227691163207
1.9000000000000001,-28.781585330505703,118.45151561379632,4.027011970629564,37.004895424935896,102.3349651416453
2.0,-33.47577642314813,127.16929907156083,0.618138659731696,43.04028397261904,104.34676132420634
2.1,-36.702044336304944,133.1609394817092,-2.5985886722539773,47.18834271810636,105.72944757270211
2.2,-38.31891622127831,136.16370155380258,-5.48211553407323,49.26717799878641,106.42239266626214
2.3000000000000003,-38.25549174439982,136.04591323959966,-7.90599837843895,49.18563224279978,106.39521074759992
2.4000000000000004,-36.51455208865323,132.81273959321317,-9.763949190799156,46.94728125683989,105.64909375227995
2.5,-33.17243799793806,126.60595628188497,-10.974496251742975,42.65027742592037,104.21675914197345
2.6,-28.375702211770538,117.69773267900243,-11.48455669716726,36.483045700847875,102.16101523361596
2.7,-22.33468308219901,106.47869715265531,-11.271764218332432,28.71602110568445,99.57200703522815
2.8000000000000003,-15.31428117182502,93.44080789053217,-10.345449831438193,19.689790078060746,96.56326335935358
2.9000000000000004,-7.62234328196771,79.15578038079718,-8.746232709668906,9.800155648244164,93.26671854941472
3.0,0.4038367250600371,65.74998248939721,-6.544239019850444,-0.5192186465057561,89.82692711783142
3.1,8.412308366434026,80.62285839480604,-3.836026868283552,-10.815825042558027,86.394724985814
3.2,16.051897676656782,94.81066711379117,-0.74035219783263,-20.638154155701574,83.1206152814328
3.3000000000000003,22.987606294869586,107.69126883332923,2.607038697003848,-29.555493807689466,80.14816873077018
3.4000000000000004,28.915301246884166,118.69984517278488,6.059361687212151,-37.17681588885107,77.60772803704964
3.5,33.5750512704352,127.35366664509394,9.465231338849286,-43.16792306198812,75.61069231267064
3.6,36.76252488165455,133.2732604945013,12.6752992112772,-47.26610341927013,74.24463219357662
3.7,38.337950374017346,136.19905069460364,15.548802832608875,-49.291650480879454,73.56944983970685
3.8000000000000003,38.232244851026785,136.00274043762118,17.95973817776153,-49.15574337989158,73.6147522067028
3.9000000000000004,36.45004353265312,132.69293798921294,19.80238498403967,-46.86434168483973,74.3785527717201
4.0,33.069496499500374,126.41477921335783,20.99594261744602,-42.51792407078621,75.82735864307126
4.1000000000000005,28.238841787531623,117.44356331970158,21.48807320554464,-36.307082298254954,77.89763923391502
4.2,22.16990510421231,106.17268090782287,21.257196669401075,-28.50416370541583,80.49861209819473
4.3,15.128811205535184,93.09636366742248,20.31343701673722,-19.45132869283096,83.51622376905635
4.4,7.424314242924632,78.78801216543145,18.698178401052516,-9.545546883760249,86.81815103874658
4.5,-0.6057412020708274,66.12494794670296,16.482250413656672,0.7788101169482008,90.25960337231606
4.6000000000000005,-8.60923470746997,80.98857874244423,13.762822184121283,11.069016052461384,93.68967201748713
4.7,-16.235210600581905,95.15110540108068,10.659141483808616,20.87384220074816,96.95794740024938
4.800000000000001,-23.149267473110843,107.99149673577728,7.307305674109809,29.763343893999654,99.92111463133321
4.9,-29.04822178663248,118.94669760374603,3.8542937949340446,37.34771372567033,102.44923790855678
5.0,-33.67340256479404,127.53631904890321,0.4515214882192149,43.29437472616377,104.43145824205459
5.1000000000000005,-36.82199419586024,133.3837035065976,-2.7517986249322286,47.342563966106034,105.78085465536867
5.2,-38.355929960196114,136.23244135464992,-5.615199963970481,49.31476709168072,106.43825569722691
5.300000000000001,-38.20794629874786,135.95761455481747,-8.01312149202481,49.1245023841044,106.37483412803479
5.4,-36.384532340970736,132.5712743475171,-9.840413606316048,46.78011300981952,105.59337100327318
5.5,-32.9656453544897,126.22191280119516,-11.016948980853165,42.3844011700582,104.12813372335273
5.6000000000000005,-28.101204594113348,117.18795138906765,-11.491136174531515,36.130120192431455,102.04337339747715
5.7,-22.004517296009357,105.86553212116024,-11.242181931827545,28.291522237726326,99.43050741257544
5.800000000000001,-14.942925089236336,92.75114659429605,-10.281002973503075,19.212332257589583,96.40411075252986
5.9,-7.226080982386714,78.41986468157532,-8.649747295013784,9.290675548782927,93.09689184959431
6.0,0.807629016886344,66.49988245993178,-6.419945963835243,-1.0383801645681507,89.65387327847728
6.1000000000000005,8.805924233262973,81.35385929034553,-3.6893764599670753,-11.321902585623818,86.22603247145872
6.2,16.418076940638308,95.49071431832829,-0.5777751031067782,-21.10895606653496,82.96368131115501
6.300000000000001,23.310291881698703,108.29054206601188,2.7784134221081107,-29.97037527646976,80.00987490784341
6.4,29.180343293489564,119.19206611648062,6.232019207842928,-37.517584234486584,77.49413858850447
6.5,33.770827600863946,127.71725125874732,9.631600569172953,-43.41963548682507,75.52678817105831
6.6000000000000005,36.88045064309255,133.492265480029,12.828084808940602,-47.41772225540472,74.19409258153176
6.7,38.37285448524799,136.26387261546057,15.681305101764274,-49.33652719531885,73.55449093489372
6.800000000000001,38.18259675594623,135.91053683247156,18.066146852807634,-49.09191011478802,73.63602996173734
6.9,36.31802031563022,132.44775201474184,19.87803401157047,-46.69459754866743,74.43513415044418
7.0,32.86088741955182,126.02736235059623,21.037514764139885,-42.249712396566636,75.91676253447778
7.1000000000000005,27.96279441751836,116.93090391824839,21.493745519874434,-35.95216425109504,78.015945249635
7.2,21.838524206932256,105.55725924144562,21.226720418624023,-28.078102551770055,80.64063248274331
7.300000000000001,14.756627936119964,92.40516616707993,20.248148593902847,-18.97280734643996,83.67573088452001
7.4,7.027648953179844,78.05134805590542,18.600940723752913,-9.035548654088378,86.98815044863721
7.5,-1.0094946161544367,66.87477571571539,16.357327384202073,1.2979216493414127,90.43264054978047
7.6000000000000005,-9.00237153345084,81.71868999069441,13.615691716101203,11.57447768586536,93.85815922862179
7.7,-16.600491666699835,95.82948452387112,10.49625529388182,21.34348928575693,97.11449642858564
7.800000000000001,-23.47067509131559,108.58839659815753,7.135806372227773,30.176582260262904,100.05886075342096
7.9,-29.311662133173396,119.43594396160773,3.681701678678971,37.686422742651516,102.56214091421717
8.0,-33.86732369876284,127.89645829770242,0.2854047754225544,43.54370189840937,104.51456729946979
8.1,-36.937892615383,133.59894342856842,-2.9041556648891564,47.49157621977814,105.83052540659271
8.200000000000001,-38.38872348362805,136.29334361245208,-5.747116427628335,49.35693019323607,106.45231006441202
8.3,-38.156196919914755,135.861508565556,-8.118812801535107,49.05796746846185,106.35265582282061
8.4,-36.25050928618577,132.3223743886307,-9.915245164973962,46.607797653667426,105.53593255122247
8.5,-32.75522557627571,125.83113321308348,-11.057639401600731,42.11386145521165,104.03795381840388
8.6,-27.82361506501186,116.67242797787917,-11.495901169797818,35.773219369300975,101.92440645643366
8.700000000000001,-21.671930402972713,105.24787074837789,-11.210812555092186,27.863910518107783,99.28797017270259
8.8,-14.569924870684096,92.05843190269903,-10.214874781665877,18.732760548022416,96.24425351600748
8.9,-6.829023613597398,77.68247242525231,-8.551760029798054,8.780173217482377,92.92672440582746
9.0,1.211332447134078,67.24961740182043,-6.294396397213877,-1.5574274320295232,89.48085752265682
9.1,9.198571204334339,82.08306080804948,-3.5417699793786728,-11.826734405572717,86.05775519814243
9.200000000000001,16.782449761062765,96.16740669911657,-0.4145842985089008,-21.577435407080696,82.8075215309731
9.3,23.63041269028145,108.88505213909411,2.950032583316199,-30.38195917321901,79.87268027559367
9.4,29.44217469348101,119.67832443075045,6.404541172210401,-37.85422460590416,77.38192513136528
9.5,33.96288820416112,128.07393523629923,9.797460195050446,-43.66657054820716,75.44447648393094
9.600000000000001,36.99431853266848,133.70373441781288,12.98000910028789,-47.56412382771662,74.1452920574278
9.700000000000001,38.40353651882588,136.32085353496234,15.812632131282767,-49.375975524204705,73.54134149193177
9.8,38.12874751683691,135.8105311026971,18.171117889518662,-49.022675378790325,73.65910820706989
9.9,36.18200110967131,132.19514491796102,19.952046042954898,-46.51971571243456,74.49342809585515
10.0,32.64866273111431,125.63323078635514,21.077322339664892,-41.97685208286126,76.00771597237959
10.100000000000001,27.683670365016802,116.41253067788836,21.497603065005954,-35.59329046930733,78.13556984356423
10.200000000000001,21.504740466646126,104.93737515234281,21.194458778811516,-27.648952028545022,80.78368265715166
10.3,14.382821028591946,91.71095333881362,20.181182452058835,-18.49219846533251,83.83593384488917
10.4,6.630210427250398,77.31324793632217,18.50220656596844,-8.52455626360766,87.15848124546412
10.5,-1.4131369578479611,67.62439720743193,16.231154733920818,1.816890374375944,90.60563012479199
10.600000000000001,-9.394517849025707,82.44696171961917,13.46761328317352,12.07866580589019,94.02622193529673
10.700000000000001,-16.963946218584383,96.50447154879956,10.332764363521704,21.810787995322773,97.2702626651076
10.8,-23.78950028467529,109.18050052868269,6.964072072442251,30.586500366011094,100.1955001220037
10.9,-29.571877384388007,119.91920085672058,3.5092546117812304,38.020985208498864,102.67366173616628
11.0,-34.05751848835447,128.24967719265828,0.11980679878473488,43.788238056455754,104.59607935215192
11.100000000000001,-37.049726842834495,133.80663556526406,-3.055643028627225,47.63536308364436,105.87845436121478
11.200000000000001,-38.41729318337754,136.34640162627255,-5.877850410579226,49.39366266434256,106.46455422144751
11.3,-38.100249301766645,135.75760584613806,-8.223060677996086,48.98603481655712,106.3286782721857
11.4,-36.11249767054936,132.0660671024488,-9.988435633227185,46.43035414784918,105.47678471594972
11.5,-32.54120181530435,125.43366051413665,-11.09656303691148,41.83868804824846,103.94622934941614
11.600000000000001,-27.54296416700883,116.15121916730212,-11.498851158684605,35.41238250043994,101.80412750014665
11.700000000000001,-21.336958996866194,104.62578099418008,-11.177659539627307,27.43323299597083,99.14441099865694
11.8,-14.195321556531427,91.36274003355837,-10.147072531860688,18.251127715540413,96.08370923851346
11.9,-6.431214862916553,76.94368474541645,-8.452281695337039,8.26870482374986,92.75623494124996
12.0,1.6149025972356332,67.9991048234376,-6.16760413391879,-2.0763033393029513,89.30789888689901
12.100000000000001,9.590206077597502,82.81038271553822,-3.3932236673227223,-12.330264956911067,85.88991168102964
12.200000000000001,17.144976046819814,96.8406698012368,-0.2507977395510119,-22.043540631625472,82.6521531227915
12.3,23.947933498455544,109.47473363998887,3.121877297763317,-30.790200212299986,79.73659992923334
12.4,29.700766638146874,120.15856661370134,6.576908598116402,-38.1866999633317,77.27110001222277
12.5,34.151211948336545,128.423679332625,9.96279196732538,-43.908701076432706,75.36376630785577
12.600000000000001,37.10411602175815,133.907644040408,13.13105536943581,-47.70529202797477,74.09823599067508
12.700000000000001,38.42999309887685,136.36998718362844,15.942769471550843,-49.40999112712738,73.5300029576242
12.8,38.07070305860778,135.70273425170018,18.27463973817086,-48.94804678963858,73.6839844034538
12.9,36.042000880659344,131.93514449265308,20.02441293481799,-46.3397154179906,74.55342819400313
13.0,32.43284578478617,125.23242788603145,21.115360964084317,-41.69937315186793,76.10020894937736
13.100000000000001,27.401500341409974,115.88850063404709,21.499645416502307,-35.23050043895569,78.25649985368145
13.200000000000001,21.168590608817517,104.31309684494681,21.160415299638206,-27.21675935419396,80.92774688193535
13.3,14.007431612072537,91.01380156527756,20.11254595933702,-18.009554929807557,83.99681502339749
13.4,6.232042394390768,76.57379301815428,18.401986791193266,-8.01262593564528,87.32912468811824
13.5,-1.8166238153053653,68.37372994270996,16.103746345301786,2.3356591911068922,90.7785530637023
13.600000000000001,-9.785630507230064,83.17331379914154,13.3186031780704,12.58152493786722,94.19384164595574
13.700000000000001,-17.32553426616015,97.17599220858314,10.168686681262452,22.27568691363448,97.4252289712115
13.8,-24.105707973581147,109.76774337950785,6.792121670286534,30.993053108890045,100.33101770296335
13.9,-29.828838909385752,120.39641511743068,3.3369715681982517,38.351364312067396,102.78378810402246
14.0,-34.24396600687005,128.59593686990155,-0.0452542213265934,44.027956294547224,104.67598543151574
14.100000000000001,-37.157484573349755,134.0067570647924,-3.2062440483373074,47.77390873716398,105.92463624572133
14.200000000000001,-38.441635915985685,136.39160955825912,-6.007387528461189,49.42496046341018,106.47498682113672
14.3,-38.040109600092336,135.6459178287429,-8.325853651251666,48.90871234297587,106.30290411432529
14.4,-35.97051267916478,131.80238068987745,-10.05997695809544,46.247802016069,105.41593400535633
14.5,-32.32359762012184,125.02953843736913,-11.133715604106609,41.55891122587094,103.85297040862365
14.600000000000001,-27.25928277948241,115.62438230475306,-11.499985816611325,35.04764928790597,101.68254976263532
14.700000000000001,-20.999639933829613,103.99933130568357,-11.142726533183591,26.999537057780937,98.99984568592697
14.8,-13.8191563635266,90.66414753226368,-10.077603684214417,17.767486753105636,95.92249558436855
14.9,-6.032698500333705,76.20358292919117,-8.351323237004998,7.756326643286199,92.58544221442874
15.0,2.0182950632879137,68.74826226039184,-6.039583124613506,-2.5949507956558837,89.13501640144804
15.100000000000001,9.98078576236065,83.5357449872412,-3.2437538680111153,-12.832438837320831,85.72252038755973
15.200000000000001,17.505615909969126,97.51042954708552,-0.08643344729460534,-22.507220455674588,82.4975931814418
15.3,24.26281937013076,110.0595216873857,3.2939286577675313,-31.195053475882403,79.60164884137254
15.4,29.95609067520536,120.63273982538138,6.7491025203662485,-38.51497372526404,77.16167542491199
15.5,34.33577811255822,128.76644506617956,10.127577694919992,-44.14600043043201,75.28466652318933
15.600000000000001,37.20983102959429,134.1039719121037,13.281206997107896,-47.8412113237641,74.0529295587453
15.700000000000001,38.45222131444373,136.4112681553955,16.07170280385379,-49.438570261427664,73.52047657952411
15.8,38.008469767758186,135.58715814012234,18.376701008491352,-48.86803255854625,73.71065581381792
15.9,35.8980350325002,131.6677793460718,20.095126724795676,-46.154616470357404,74.6151278432142
16.0,32.21346032641377,124.82499774905413,21.151626452095066,-41.417306133960565,76.19423128867982
16.1,27.11631539322172,115.35887144455462,21.49987234964822,-34.86383407699937,78.37872197433354
16.2,20.830111619248665,103.68449300717609,21.124593726830458,-26.78157208189115,81.07280930603629
16.3,13.63050098980312,90.3137875524915,20.04224666765417,-17.52492984403259,84.15835671865581
16.400000000000002,5.833188664121546,75.83306466194001,18.300292426380643,-7.499813996727709,87.50006200109077
16.5,-2.219910793788122,69.12269147417794,15.975116236799337,2.8541710205847224,90.9513903401949
16.6,-10.1756664748303,83.89766631039913,13.168677796033798,13.082999753353239,94.36099991778441
16.7,-17.685216024719406,97.84397261733604,10.004040300197026,22.738134888924947,97.57937829630832
16.8,-24.419263366422392,110.35006053764158,6.61997408507116,31.39619575682879,100.46539858560959
16.900000000000002,-30.082518435276153,120.86753423694142,3.1648715038403523,38.677523702497915,102.89250790083264
17.0,-34.42664573991441,128.93519923126962,-0.2097601236238802,44.26283023703282,104.7542767456776
17.1,-37.261153950591485,134.19928590824134,-3.3559421537327214,47.90719793647477,105.96906597882491
17.2,-38.46174900307715,136.42896243428612,-6.135713528600611,49.450820146813484,106.4836067156045
17.3,-37.975784431926,135.5264568021483,-8.427180411225535,48.82600855533344,106.27533618511114
17.400000000000002,-35.82456993431681,131.5313441637312,-10.129861268049908,46.060161344121624,105.3533871147072
17.5,-32.10243693322152,124.61881144741139,-11.169093015373878,41.27456177128482,103.75818725709493
17.6,-26.972602115248712,115.09197535689046,-11.499305018734155,34.67905986246264,101.55968662082088
17.7,-20.660010328309962,103.3685906097185,-11.10601737936004,26.56287042211282,98.85429014070428
17.8,-13.441470680267662,89.96273126335423,-10.006475882225889,17.28189087462986,95.76063029154328
17.900000000000002,-5.633518373694832,75.4622484082904,-8.248895763030715,7.243095051893362,92.41436501729778
18.0,2.4214654609379953,69.49700728459914,-5.910347455157671,-3.1133127354917023,88.96222908816944
18.1,10.370267284031963,84.25906781320222,-3.0933770272649337,-13.333200793755374,85.55559973541487
18.2,17.864329670129166,98.17661224452559,0.07849049363214533,-22.968423861594637,82.34385871280179
18.3,24.575035659132556,110.63935193838904,3.466167732909965,-31.596474418884714,79.46784186037176
18.400000000000002,30.208118711934794,121.1007918935932,6.921103992855264,-38.83900977248759,77.05366340917081
18.5,34.51656638943205,129.10219472323095,10.291799246836483,-44.378442500698355,75.20718583310055
18.6,37.31145192459569,134.292696431392,13.430447462462997,-47.97186676019445,74.00937774660186
18.7,38.47021871980668,136.4446919082124,16.199417941951097,-49.461709782608594,73.51276340579713
18.8,37.94205449167519,135.46381548453962,18.477290470911328,-48.78264148929668,73.73911950356778
18.900000000000002,35.75011940542771,131.3930788957943,20.16417963241097,-45.96443923554992,74.6785202548167
19.0,31.990530494478616,124.41098520403172,21.18611481348823,-41.130682064329655,76.28977264522345
19.1,26.828146898701405,114.8237013833026,21.49828383947476,-34.49333172690181,78.5022227576994
19.200000000000003,20.489340740010398,103.05163280287644,21.086998001754186,-26.343438094299092,81.21885396856698
19.3,13.252070634599923,89.61098832139986,19.970292311880918,-17.03837653019991,84.32054115660003
19.400000000000002,5.433693121408506,75.09114436833008,18.197134660729475,-6.986176870382373,87.67127437653922
19.5,-2.622953520549453,69.87119939530612,15.845278561291048,3.3723688121350053,91.12412293737833
19.6,-10.56458283705815,84.61993955453656,13.017853633011681,13.583035076217618,94.52767835873921
19.700000000000003,-18.04295191929817,98.5083392786966,9.838843335991406,23.198081039097644,97.73269367969921
19.8,-24.730131963414255,110.92738793205504,6.4476482578023315,31.795883952961184,100.59862798432039
19.900000000000002,-30.33288805027952,121.33250637909055,2.992973354485122,38.99942749321652,102.9998091644055
20.0,-34.60553758765313,129.26742694849867,-0.3736928078978723,44.49283404126832,104.83094468042277
20.1,-37.36072356805453,134.38420091210128,-3.50472087387233,48.03521601607012,106.01173867202337
20.200000000000003,-38.477630231654835,136.45845614450184,-6.262814291580442,49.47123886927051,106.4904129564235
20.3,-37.907280874819165,135.39923591037845,-8.527029809165413,48.737932553338936,106.24597751777964
20.400000000000002,-35.67468549375265,131.25298734554065,-10.198080873879436,45.86745277768198,105.28915092589399
20.5,-31.87774408840909,124.20152473561689,-11.202691378217455,40.9856709708117,103.6618903236039
20.6,-26.68295371712702,114.55405690323589,-11.496808839959733,34.30665477916332,101.43555159305444
20.700000000000003,-20.318107548978414,102.73362830524562,-11.067536117181156,26.123281134400827,98.70776037813361
20.8,-13.062306062649247,89.25856840206289,-9.93369695192499,16.794393509120468,95.59813116970682
20.900000000000002,-5.2337184038793,74.71976275006156,-8.14501054327566,6.729066519273392,92.24302217309113
21.0,2.8243694302664957,70.24525751335206,-5.779911345057261,-3.6313321246283463,88.78955595845721
21.1,10.75860778884786,84.98027160786032,-2.9421096907050206,-13.832495728518673,85.38916809049378
21.200000000000003,18.22107785884298,98.83914459499411,0.24395593702414775,-23.427100104226685,82.19096663192444
21.3,24.884548013015017,111.21416059559931,3.638575572118164,-31.994418873876448,79.33519370870785
21.400000000000002,30.45682301826549,121.56267131963591,7.092894090653989,-39.158772452055636,76.94707584931479
21.5,34.693556887236454,129.43089136201058,10.455438554152245,-44.60600171216116,75.13133276261294
21.6,37.40896752564714,134.4737968333447,13.578760344913265,-48.09724396154634,73.96758534615122
21.700000000000003,38.483983334752246,136.47025476453987,16.32590083363756,-49.47940714468146,73.50686428510619
21.8,37.87146453788005,135.33271985606297,18.576397057801774,-48.69188297727436,73.76937234090855
21.900000000000002,35.598270274261104,131.1110733664849,20.23156405992988,-45.76920463833571,74.7435984538881
22.0,31.764080817441858,123.99043580382059,21.218822253588037,-40.83953247956811,76.38682250681063
22.1,26.537026564371466,114.28304933383272,21.49488006076207,-34.119034154191894,78.62698861526937
22.200000000000003,20.14631546534574,102.41458586421352,21.04763226098132,-25.902405598301677,81.36586480056611
22.3,12.872182184292264,88.90548119939992,19.896690808991014,-16.549948522661488,84.48335049244616
22.400000000000002,5.033599721835529,74.34811376912313,18.09252484445356,-6.471771070931402,87.8427429763562
22.5,-3.0257076497177233,70.61917134947578,15.71424760452011,3.890195549637067,91.29673184987902
22.6,-10.952336802333907,85.34005406147726,12.866147283842484,14.081575888715017,94.69385862957168
22.700000000000003,-18.39870258903242,99.16901909391734,9.673113964890536,23.655474757327397,97.88515825244247
22.8,-25.038279560394386,111.49966204073243,6.275163149097583,32.192073720507075,100.73069124016902
22.900000000000002,-30.579920206798448,121.79128038405426,2.8212960336936694,39.31704026588372,103.1056800886279
23.0,-34.780621867024436,129.5925834673311,-0.5370342370094043,44.71794240045998,104.90598080015333
23.1,-37.4561824703211,134.56148173059634,-3.6525638389730624,48.157948890412854,106.05264963013761
23.200000000000003,-38.489277854343364,136.48008744378052,-6.388675832793512,49.48621438415576,106.49540479471858
23.3,-37.834606466062034,135.26426915125808,-8.625390858869693,48.64449402779405,106.21483134259802
23.400000000000002,-35.5208758489156,130.96734086227184,-10.26462826953631,45.669697520034354,105.22323250667812
23.5,-31.64954380812605,123.77772421509124,-11.234506995886065,40.69227061044779,103.56409020348259
23.6,-26.3903694544703,114.01068612973056,-11.492497554936925,33.9304750128904,101.31015833763013
23.700000000000003,-19.973969214617675,102.09451425571854,-11.02728698065242,25.680817561651303,98.56027252055043
23.8,-12.681704229288865,88.55173642582218,-9.859274901011322,16.305048294799978,95.43501609826666
23.900000000000002,-4.833342579965328,73.97620764850704,-8.039679007993469,6.214297602812571,92.07143253427085
24.0,3.22696264066908,70.99293061838543,-5.64828914589982,-4.1489519665745265,88.61701601114183
24.1,11.145764548588774,85.69927701880772,-2.789968501931228,-14.33026870532842,85.22324376489053
24.200000000000003,18.57582122392145,99.4979537015684,0.4099446770962505,-23.883198716470435,82.03893376117652
24.3,25.19132237684002,111.78388441413148,3.8111332057509486,-32.38884305593717,79.20371898135429
24.400000000000002,30.702176229829572,122.0183272839692,7.264453912089573,-39.47422658120945,76.84192447293019
24.5,34.86673013211044,129.75249881677652,10.618477612007322,-44.828653026999135,75.05711565766696
24.6,37.502367103329384,134.64725319189745,13.726129325930339,-48.21732913285207,73.92755695571597
24.700000000000003,38.493513644791214,136.4879539117551,16.45113756228894,-49.49166040044585,73.50277986651805
24.8,37.79670767322448,135.19388567884545,18.674009864690863,-48.59576700843149,73.8014109971895
24.900000000000002,35.44250434661381,130.8217937865685,20.29727259319759,-45.56893415993205,74.81035528002265
25.0,31.534136211044636,123.56339582051146,21.249745173669492,-40.54388941420025,76.48537019526658
25.1,26.24298642153788,113.73697478285607,21.48966138802016,-33.740982541977274,78.75300581934091
25.200000000000003,19.801073537542777,101.773422284008,21.006500835834473,-25.458523119697862,81.51382562676739
25.3,12.49087743713931,88.19734381183015,19.821450257189838,-16.05969956203627,84.64676681265458
25.400000000000002,4.632952486766237,73.60405461828016,17.986474487532227,-5.9566531972708825,88.01444893424303
25.5,-3.4281288671750323,71.36652503903935,15.582037783523738,4.407594257796465,91.46919808593215
25.6,-11.338885706972686,86.05793059866356,12.713575440429974,14.578567337536306,94.85952244584543
25.700000000000003,-18.75242889148694,99.82593936990432,9.506870421719327,24.11026571762606,98.03675523920869
25.8,-25.34367225258515,112.06681989765815,6.102537737100229,32.584721467609484,100.86157382253649
25.900000000000002,-30.823587724447883,122.24380577397463,2.649858430730248,39.630327074290136,103.21010902476337
26.0,-34.95187931390417,129.91063301153633,-0.6997664388733833,44.93813054644822,104.97937684881607
26.1,-37.54752015426579,134.73110885792218,-3.799454782210491,48.27538305548459,106.09179435182818
26.200000000000003,-38.4966905895814,136.49385395207975,-6.513284303981612,49.49574504374752,106.49858168124916
26.3,-37.75776920185394,135.12157137487162,-8.722252737896566,48.545703259526505,106.18190108650883
26.400000000000002,-35.363157923129855,130.67443614295544,-10.329496132962465,45.46691732973839,105.1556391099128
26.5,-31.417861200728435,123.34745651563853,-11.264536367779911,40.39439297236513,103.46479765745504
26.6,-26.094881519657214,113.46192282222054,-11.486371638026569,33.550561953845,101.18352065128167
26.700000000000003,-19.627633189983484,101.4513187813979,-10.985274398294493,25.235528387121633,98.41184279570722
26.8,-12.299707056938626,87.84231310574316,-9.78321791797349,15.813909073206814,95.27130302440227
26.900000000000002,-4.432434954392128,73.23166491529966,-7.9329127465728515,5.698844941361314,91.89961498045378
27.0,3.629200795732554,71.73994433493189,-5.515495339775878,-4.666115308798993,88.44462823040034
27.1,11.53169496527899,86.41600493551812,-2.6369702006917395,-14.826464955358698,85.05784501488043
27.200000000000003,18.928520733760788,100.15296707698431,0.5764384504857691,-24.336669514835297,81.88777682838824
27.3,25.49532499692365,112.34846070857249,3.983821647685252,-32.77970356747326,79.07343214417558
27.400000000000002,30.94415135097297,122.46770965180696,7.435764580826299,-39.78533745125097,76.73822084958302
27.5,35.03606707019709,130.0669817017946,10.78089848158628,-45.04637194739627,74.98454268420124
27.6,37.591640381100035,134.81304642204293,13.872538190841576,-48.332109061414336,73.88929697952855
27.700000000000003,38.49880860132533,136.4977874024613,16.575114348393804,-49.498468201704,73.500510599432
27.8,37.71779212303568,135.04732822849485,18.77011815146423,-48.49430415818874,73.83523194727042
27.900000000000002,35.28283876105546,130.52527198481727,20.36129800245411,-45.36364983564274,74.87878338811909
28.0,31.300721975567807,123.12991224034022,21.2788801713542,-40.24378539715862,76.58540486761379
28.1,25.94605882276726,113.18553781371062,21.48262839544769,-33.35921848641505,78.88026050452832
28.200000000000003,19.453652942783815,101.12821260802708,20.96360825191059,-25.011839497864916,81.66272016737837
28.3,12.108198347233177,87.48665407343304,19.74457893502378,-15.567683589299808,84.81077213690007
28.400000000000002,4.231795498502593,72.85904878293339,17.878995258444505,-5.440879926646198,88.1863733577846
28.5,-3.8301728954321765,72.11317823437405,15.448663645047153,4.924508008412793,91.64150266947092
28.6,-11.72418701988047,86.77349017977801,12.560154889905974,15.073954739846315,95.02465157994877
28.700000000000003,-19.10409190696397,100.4790278272188,9.340130997875413,24.562403880382245,98.1874679601274
28.8,-25.64627643832562,112.62879909974758,5.929791015390369,32.973783992132944,100.99126133071098
28.900000000000002,-31.06386379304698,122.69003275851583,2.47867940848304,39.93925344820326,103.31308448273442
29.0,-35.11929108522633,130.2215405868489,-0.8618715084370399,45.153374252433856,105.05112475081128
29.1,-37.634726570211676,134.8930636303931,-3.9453775415093784,48.38750559027216,106.12916853009072
29.200000000000003,-38.49986762176259,136.49975415470195,-6.636625994758962,49.49982979940905,106.49994326646969
29.3,-37.67677753642391,134.97115828193012,-8.817604788754288,48.44157111825932,106.1471903727531
29.400000000000002,-35.20154906973925,130.37430541523003,-10.39267732689476,45.259134518236195,105.0863781727454
29.5,-31.18272175772538,122.91076897863285,-11.292776189835656,40.092070831361205,103.36402361045373
29.6,-25.796522424551636,112.90782735988162,-11.478431763249347,33.166957402994974,101.05565246766498
29.700000000000003,-19.279137581639134,100.80411265161553,-10.941502992656034,24.78746260496461,98.2624875349882
29.8,-11.916356575875835,87.13037649805511,-9.705534371187811,15.32102988326894,95.10700996108964
29.900000000000002,-4.0310396381107525,72.48621647077711,-7.824723506261881,5.182765248999545,91.72758841633318
30.0,4.031039638110743,72.4862164707771,-5.381544537684844,-5.182765248999521,88.27241158366682
30.1,11.916356575875568,87.13037649805463,-2.483131621040453,-15.321029883268581,84.89299003891047
30.200000000000003,19.279137581638885,100.80411265161507,0.7434189382628054,-24.78746260496428,81.7375124650119
30.3,25.79652242455143,112.90782735988122,4.156621897405933,-33.16695740299469,78.9443475323351
30.400000000000002,31.18272175772521,122.91076897863253,7.60680724794215,-40.092070831360985,76.63597638954634
30.5,35.20154906973914,130.37430541522983,10.942683292091097,-45.25913451823604,74.91362182725466
30.6,37.676777536423906,134.97115828193012,14.01797083061342,-48.44157111825932,73.8528096272469
30.700000000000003,38.49986762176259,136.49975415470195,16.697817551069086,-49.49982979940905,73.50005673353031
30.8,37.63472657021168,134.8930636303931,18.864711343546233,-48.38750559027217,73.87083146990928
30.900000000000002,35.11929108522634,130.2215405868489,20.42363324312965,-45.15337425243387,74.94887524918872
31.0,31.063863793046988,122.69003275851583,21.30622404098486,-39.93925344820328,76.68691551726558
31.1,25.64627643832563,112.6287990997476,21.47378185686879,-32.973783992132965,79.00873866928902
31.200000000000003,19.10409190696398,100.47902782721881,20.918959228582786,-24.562403880382266,81.81253203987258
31.3,11.72418701988074,86.77349017977852,19.666085300468986,-15.073954739846675,84.9753484200511
31.400000000000002,3.830172895432458,72.11317823437456,17.77009898288466,-4.924508008413167,88.35849733052895
31.5,-4.231795498502311,72.85904878293286,15.314139863942406,5.440879926645825,91.81362664221527
31.6,-12.10819834723291,87.48665407343255,12.405902512783609,15.567683589299453,95.18922786309982
31.700000000000003,-19.45365294278357,101.12821260802663,9.172914039317503,25.01183949786459,98.33727983262153
31.8,-25.94605882276705,113.18553781371024,5.756941990896003,33.35921848641478,101.11973949547159
31.900000000000002,-31.300721975567644,123.1299122403399,2.3077778013896464,40.2437853971584,103.41459513238613
32.0,-35.282838761055345,130.52527198481707,-1.0233316096491025,45.36364983564259,105.12121661188087
32.1,-37.71779212303562,135.04732822849473,-4.090316061321165,48.49430415818866,106.16476805272956
32.2,-38.49880860132533,136.4977874024613,-6.7586873341205,49.498468201704,106.499489400568
32.300000000000004,-37.5916403811001,134.81304642204304,-8.911436520074263,48.332109061414414,106.11070302047148
32.4,-35.03606707019721,130.06698170179482,-10.454164899650584,45.046371947396416,105.0154573157988
32.5,-30.944151350973303,122.46770965180757,-11.319223354890113,39.7853374512514,103.26177915041713
32.6,-25.49532499692406,112.34846070857327,-11.468678804211567,32.7797035674738,100.9265678558246
32.7,-18.92852073376127,100.15296707698522,-10.895977579804939,24.33666951483593,98.11222317161197
32.800000000000004,-11.53169496527952,86.41600493551911,-9.626232807997745,14.826464955359391,94.9421549851198
32.9,-3.629200795733108,71.73994433493291,-7.715123190876117,4.666115308799717,91.5553717695999
33.0,4.432434954392119,73.23166491529965,-5.246451477928032,-5.69884494136129,88.10038501954624
33.1,12.299707056938619,87.84231310574314,-2.328469689485491,-15.81390907320679,84.72869697559774
33.2,19.627633189983477,101.45131878139789,0.9108677679450503,-25.23552838712161,81.5881572042928
33.300000000000004,26.09488151965721,113.46192282222054,4.329514942095546,-33.55056195384498,78.81647934871835
33.4,31.417861200728424,123.3474565156385,7.7775630940024865,-40.394392972365125,76.53520234254496
33.5,35.36315792312985,130.67443614295544,11.10381424270831,-45.466917329738386,74.8443608900872
33.6,37.75776920185394,135.12157137487162,14.162411243624144,-48.545703259526505,73.81809891349117
33.7,38.4966905895814,136.49385395207975,16.819233669561182,-49.49574504374752,73.50141831875084
33.800000000000004,37.54752015426585,134.7311088579223,18.957779033063645,-48.27538305548467,73.90820564817179
33.9,34.95187931390429,129.91063301153656,20.484271456619823,-44.938130546448384,75.02062315118387
34.0,30.823587724448053,122.24380577397496,21.33177377397782,-39.630327074290356,76.78989097523655
34.1,25.343672252585367,112.06681989765855,21.46312274564793,-32.58472146760977,79.13842617746342
34.2,18.752428891487185,99.82593936990477,20.872558678481315,-24.11026571762639,81.9632447607912
34.300000000000004,11.338885706972958,86.05793059866406,19.58597799000112,-14.578567337536667,85.14047755415444
34.4,3.428128867175314,71.36652503903987,17.659797642461662,-4.4075942577968386,88.53080191406772
34.5,-4.632952486765956,73.60405461827963,15.178481241554481,5.956653197270509,91.98555106575684
34.6,-12.490877437139043,88.19734381182965,12.2508352811003,16.05969956203591,95.3532331873453
34.7,-19.801073537542536,101.77342228400757,9.005237944546021,25.458523119697542,98.48617437323252
34.800000000000004,-26.24298642153767,113.73697478285567,5.584009681800919,33.740982541977004,101.246994180659
34.9,-31.534136211044476,123.56339582051118,2.137172413363963,40.54388941420004,103.51462980473335
35.0,-35.442504346613596,130.8217937865681,-1.1841289774230281,45.568934159931764,105.18964471997725
35.1,-37.796707673224375,135.19388567884528,-4.234254394391209,48.595767008431345,106.19858900281045
35.2,-38.49351364479122,136.48795391175514,-6.8794548919355485,49.49166040044586,106.49722013348196
35.300000000000004,-37.502367103329505,134.64725319189768,-9.003737607765114,48.217329132852235,106.07244304428409
35.4,-34.86673013211044,129.75249881677655,-10.513952085892635,44.82865302699915,104.94288434233304
35.5,-30.702176229829576,122.01832728396921,-11.343874953022073,39.474226581209464,103.15807552706983
35.6,-25.19132237684003,111.78388441413148,-11.457113834009046,32.38884305593719,100.79628101864573
35.7,-18.57582122392146,99.49795370156842,-10.84870316879848,23.883198716470453,97.96106623882348
35.800000000000004,-11.145764548588783,85.69927701880773,-9.545321953773295,14.330268705328443,94.77675623510947
35.9,-3.2269626406690897,70.99293061838546,-7.604123859487899,4.1489519665745505,91.38298398885819
36.0,4.8333425799653185,73.97620764850701,-5.110231024486758,-6.214297602812547,87.92856746572915
36.1,12.681704229288856,88.55173642582216,-2.1730014231265162,-16.305048294799953,84.56498390173334
36.2,19.97396921461743,102.09451425571808,1.0787665155195998,-25.68081756165098,81.43972747944967
36.300000000000004,26.390369454470097,114.01068612973017,4.502481758726625,-33.93047501289012,78.68984166236996
36.4,31.649543808125895,123.77772421509094,7.9480133311309356,-40.69227061044758,76.43590979651748
36.5,35.520875848915495,130.9673408622716,11.264273604566737,-45.66969752003421,74.77676749332193
36.6,37.834606466061985,135.26426915125796,14.305843537424662,-48.64449402779399,73.78516865740201
36.7,38.489277854343364,136.48008744378052,16.939349344731607,-49.486214384155765,73.50459520528142
36.800000000000004,37.45618247032117,134.56148173059646,19.049310979990942,-48.15794889041294,73.94735036986236
36.9,34.78062186702455,129.5925834673313,20.54320597104035,-44.71794240046015,75.09401919984661
37.0,30.57992020679862,121.79128038405457,21.355526559154267,-39.31704026588395,76.89431991137202
37.1,25.038279560394606,111.49966204073283,21.450652234582794,-32.19207372050736,79.26930875983088
37.2,18.39870258903267,99.16901909391781,20.82441170695284,-23.655474757327724,82.11484174755742
37.300000000000004,10.952336802334177,85.34005406147776,19.504265817644793,-14.081575888715381,85.30614137042821
37.4,3.0257076497182784,70.6191713494768,17.548103373380336,-3.8901955496377925,88.70326815012073
37.5,-5.033599721834977,74.34811376912211,15.041702704092073,6.47177107093068,92.15725702364357
37.6,-12.872182184291738,88.90548119939893,12.094970256549752,16.549948522660802,95.5166495075536
37.7,-20.146315465345268,102.41458586421264,8.83712116257922,25.902405598301055,98.63413519943369
37.800000000000004,-26.53702656437146,114.28304933383271,5.411013115452405,34.11903415419188,101.37301138473063
37.9,-31.764080817441855,123.99043580382059,1.9668820157274616,40.8395324795681,103.61317749318937
38.0,-35.5982702742611,131.1110733664849,-1.3442459195914243,45.769204638335694,105.2564015461119
38.1,-37.87146453788005,135.33271985606297,-4.37717670351323,48.69188297727435,106.23062765909145
38.2,-38.483983334752246,136.47025476453987,-6.9989153804253466,49.47940714468146,106.49313571489381
38.300000000000004,-37.40896752564714,134.4737968333447,-9.094497896148821,48.09724396154634,106.03241465384878
38.400000000000006,-34.69355688723646,129.43089136201058,-10.572032307373025,44.606001712161174,104.86866723738706
38.5,-30.456823018265496,121.56267131963592,-11.366728271872347,39.15877245205564,103.05292415068521
38.6,-24.88454801301523,111.21416059559971,-11.44373812510911,31.994418873876732,100.66480629129224
38.7,-18.221077858843227,98.83914459499456,-10.799684961132396,23.427100104227016,97.80903336807567
38.800000000000004,-10.758607788848131,84.98027160786081,-9.46281071095142,13.832495728519033,94.61083190950635
38.900000000000006,-2.824369430266778,70.24525751335258,-7.4917377251008475,3.6313321246287207,91.2104440415429
39.0,5.233718403879019,74.71976275006104,-4.972898165386713,-6.72906651927302,87.756977826909
39.1,13.062306062648979,89.2585684020624,-2.016743927782157,-16.794393509120113,84.4018688302933
39.2,20.31810754897817,102.73362830524516,1.24709670747034,-26.123281134400504,81.2922396218665
39.300000000000004,26.682953717126814,114.5540569032355,4.675503316154981,-34.306654779163054,78.56444840694564
39.400000000000006,31.877744088408928,124.20152473561657,8.118139205076808,-40.98567097081148,76.33810967639617
39.5,35.67468549375254,131.25298734554042,11.4240437226889,-45.86745277768184,74.71084907410605
39.6,37.907280874819115,135.39923591037837,14.44825193048685,-48.73793255333887,73.75402248222038
39.7,38.47763023165484,136.45845614450184,17.058151360526594,-49.471238869270515,73.50958704357649
39.800000000000004,37.36072356805467,134.3842009121015,19.13929711327677,-48.0352160160703,73.98826132797657
39.900000000000006,34.60553758765337,129.26742694849912,20.60043030196104,-44.49283404126864,75.16905531957713
40.0,30.332888050279863,121.33250637909117,21.377479783049417,-38.99942749321698,77.00019083559434
40.1,24.73013196341468,110.92738793205584,21.436371695775275,-31.79588395296174,79.40137201567941
40.2,18.04295191929866,98.50833927869752,20.774523611498818,-23.198081039098284,82.26730632030058
40.300000000000004,10.56458283705816,84.61993955453659,19.420957774003828,-13.583035076217643,85.47232164126079
40.400000000000006,2.622953520549462,69.87119939530615,17.43502846510618,-3.3723688121350293,88.87587706262165
40.5,-5.433693121408497,75.09114436833006,14.903819300985491,6.986176870382348,92.32872562346078
40.6,-13.252070634599914,89.61098832139984,11.938324588604878,17.038376530199887,95.67945884339996
40.7,-20.489340740010388,103.05163280287644,8.668582190922923,26.343438094299074,98.78114603143302
40.800000000000004,-26.828146898701394,114.82370138330259,5.237971326268529,34.49333172690179,101.4977772423006
40.900000000000006,-31.990530494478612,124.4109852040317,1.7969253451446345,41.13068206432965,103.71022735477655
41.0,-35.750119405427704,131.3930788957943,-1.503664818851929,45.96443923554991,105.3214797451833
41.1,-37.94205449167514,135.46381548453954,-4.519067263271172,48.78264148929661,106.26088049643221
41.2,-38.470218719806695,136.44469190821243,-7.117055655624512,49.461709782608615,106.48723659420287
41.300000000000004,-37.31145192459575,134.29269643139213,-9.18370739907763,47.97186676019455,105.99062225339819
41.400000000000006,-34.51656638943218,129.1021947232312,-10.628399173657538,44.37844250069852,104.7928141668995
41.5,-30.20811871193497,121.10079189359351,-11.38778079694243,38.83900977248782,102.94633659082928
41.6,-24.575035659132773,110.63935193838944,-11.428553149210487,31.596474418885006,100.53215813962834
41.7,-17.864329670129415,98.17661224452605,-10.74892835016821,22.96842386159497,97.65614128719832
41.800000000000004,-10.370267284032234,84.25906781320272,-9.37870815805585,13.333200793755736,94.44440026458524
41.900000000000006,-2.4214654609382777,69.49700728459966,-7.377977153304835,3.113312735492078,91.03777091183069
42.0,5.633518373694551,75.46224840828988,-4.8344680110491325,-7.243095051892989,87.58563498270233
42.1,13.441470680267397,89.96273126335373,-1.8597143961082105,-17.281890874629507,84.23936970845683
42.2,20.660010328309728,103.36859060971807,1.4158398228102023,-26.562870422112507,81.14570985929583
42.300000000000004,26.972602115248314,115.09197535688972,4.848560577213303,-34.67905986246212,78.4403133791793
42.400000000000006,32.10243693322121,124.61881144741082,8.287921997278241,-41.27456177128442,76.2418127429052
42.5,35.82456993431661,131.53134416373084,11.583107017933127,-46.06016134412136,74.64661288529288
42.6,37.97578443192591,135.52645680214812,14.58962075394004,-48.82600855533332,73.7246638148889
42.7,38.46174900307715,136.42896243428612,17.17562664543149,-49.450820146813484,73.5163932843955
42.800000000000004,37.261153950591485,134.19928590824134,19.22772753195227,-47.90719793647477,74.03093402117509
42.900000000000006,34.42664573991441,128.93519923126962,20.65593815311936,-44.26283023703283,75.24572325432239
43.0,30.082518435276157,120.86753423694144,21.39763103020015,-38.67752370249793,77.10749209916736
43.1,24.4192633664224,110.35006053764161,21.42028270048046,-31.39619575682881,79.5346014143904
43.2,17.685216024719413,97.84397261733605,20.722899881192532,-22.738134888924968,82.42062170369168
43.300000000000004,10.175666474830308,83.89766631039915,19.336063025272473,-13.08299975335326,85.63900008221557
43.400000000000006,2.2199107937881313,69.12269147417796,17.320585359013734,-2.854171020584747,89.04860965980508
43.5,-5.833188664121266,75.83306466193949,14.764846203231446,7.499813996727338,92.49993799890912
43.6,-13.630500989802856,90.31378755249102,11.78091551263165,17.52492984403224,95.84164328134408
43.7,-20.83011161924843,103.68449300717566,8.499639573536209,26.781572081890836,98.92719069396361
43.800000000000004,-27.11631539322152,115.35887144455424,5.064903353642422,34.863834076999105,101.62127802566637
43.900000000000006,-32.21346032641361,124.82499774905385,1.627321101560053,41.41730613396036,103.80576871132011
44.0,-35.89803503250009,131.6677793460716,-1.6623681347068988,46.15461647035727,105.38487215678575
44.1,-38.008469767758136,135.58715814012226,-4.6599104617705756,48.86803255854618,106.28934418618206
44.2,-38.45222131444375,136.41126815539553,-7.233862718828188,49.438570261427685,106.47952342047589
44.300000000000004,-37.20983102959436,134.10397191210382,-9.271356301033531,47.84121132376419,105.94707044125472
44.400000000000006,-34.33577811255835,128.7664450661798,-10.68304648282845,44.14600043043218,104.71533347681073
44.5,-29.956090675205537,120.63273982538172,-11.40703021187101,38.51497372526428,102.8383245750881
44.6,-24.26281937013098,110.05952168738611,-11.411560577081435,31.195053475882702,100.39835115862756
44.7,-17.5056159099695,97.51042954708622,-10.696438920540048,22.507220455675082,97.50240681855836
44.800000000000004,-9.980785762361055,83.53574498724197,-9.293023548698656,12.832438837321364,94.27747961244046
44.900000000000006,-2.018295063288333,68.74826226039262,-7.262854660916096,2.594950795656435,90.86498359855214
45.0,6.032698500333154,76.20358292919015,-4.694955792628152,-7.7563266432854805,87.4145577855715
45.1,13.81915636352608,90.66414753226272,-1.7019301057058733,-17.767486753104958,84.07750441563168
45.2,20.99963993382961,103.99933130568355,1.5849772951193275,-26.999537057780923,81.00015431407303
45.300000000000004,27.259282779482408,115.62438230475304,5.021634500806124,-35.047649287905955,78.31745023736468
45.400000000000006,32.32359762012183,125.02953843736913,8.457343026922103,-41.558911225870936,76.14702959137635
45.5,35.97051267916477,131.80238068987745,11.74144598892807,-46.247802016068995,74.58406599464367
45.6,38.040109600092315,135.64591782874288,14.729934453295236,-48.90871234297584,73.69709588567473
45.7,38.4416359159857,136.39160955825915,17.291762273908326,-49.42496046341019,73.52501317886328
45.800000000000004,37.15748457334979,134.00675706479248,19.314592506219924,-47.77390873716403,74.07536375427865
45.900000000000006,34.243966006870124,128.59593686990166,20.709723417112905,-44.02795629454731,75.32401456848423
46.0,29.828838909385844,120.39641511743085,21.41597808341065,-38.351364312067524,77.2162118959775
46.1,24.105707973581264,109.76774337950806,21.402387018933847,-30.993053108890205,79.66898229703659
46.2,17.325534266160403,97.17599220858361,20.66954619607541,-22.275686913634814,82.57477102878839
46.300000000000004,9.785630507230337,83.17331379914205,19.249590912226175,-12.581524937867584,85.80615835404414
46.400000000000006,1.816623815305648,68.37372994271048,17.204786647016782,-2.335659191107268,89.22144693629758
46.5,-6.232042394390488,76.57379301815376,14.62479870172271,8.012625935644909,92.67087531188163
46.6,-14.007431612072274,91.01380156527708,11.622760347991443,18.009554929807205,96.0031849766024
46.7,-21.168590608817283,104.31309684494639,8.330311898789695,27.216759354193645,99.07225311806455
46.800000000000004,-27.40150034140968,115.88850063404655,4.891828239848355,35.2305004389553,101.74350014631844
46.900000000000006,-32.43284578478594,125.23242788603102,1.4580879461417808,41.69937315186763,103.89979105062254
47.0,-36.0420008806592,131.9351444926528,-1.8203384053924836,46.339715417990405,105.4465718059968
47.1,-38.07070305860772,135.70273425170006,-4.799690802355567,48.948046789638504,106.31601559654617
47.2,-38.42999309887687,136.36998718362847,-7.349323718021646,49.40999112712741,106.46999704237581
47.300000000000004,-37.10411602175826,133.9076440404082,-9.35743495820777,47.70529202797491,105.90176400932496
47.400000000000006,-34.15121194833674,128.42367933262537,-10.735968222166978,43.908701076432955,104.63623369214432
47.5,-29.70076663814723,120.15856661370199,-11.424474398688861,38.18669996333217,102.72889998777738
47.6,-23.947933498455555,109.47473363998888,-11.39276227837588,30.790200212300004,100.26340007076666
47.7,-17.14497604681982,96.84066980123681,-10.642222447540055,22.043540631625493,97.3478468772085
47.800000000000004,-9.59020607759751,82.81038271553822,-9.20576631056184,12.330264956911092,94.11008831897037
47.900000000000006,-1.6149025972356428,67.99910482343762,-7.146382914599723,2.0763033393029757,90.69210111310099
48.0,6.431214862916543,76.94368474541643,-4.554376860334749,-8.268704823749838,87.24376505875006
48.1,14.19532155653129,91.36274003355811,-1.5434084172205056,-18.25112771554023,83.9162907614866
48.2,21.33695899686607,104.62578099417985,1.7544905145869722,-27.43323299597066,80.85558900134312
48.300000000000004,27.542964167008734,116.15121916730193,5.194706044003934,-35.4123825004398,78.19587249985341
48.400000000000006,32.54120181530427,125.4336605141365,8.626383652998483,-41.83868804824835,76.05377065058389
48.5,36.11249767054931,132.0660671024487,11.899043213997489,-46.430354147849116,74.5232152840503
48.6,38.100249301766624,135.757605846138,14.869177590155765,-48.98603481655709,73.6713217278143
48.7,38.41729318337756,136.3464016262726,17.40654546781897,-49.393662664342585,73.53544577855247
48.800000000000004,37.04972684283457,133.8066355652642,19.399882478524884,-47.63536308364446,74.12154563878518
48.900000000000006,34.0575184883546,128.24967719265854,20.761780176071838,-43.788238056455924,75.40392064784803
49.0,29.571877384388184,119.91920085672092,21.432518923996533,-38.020985208499106,77.32633826383363
49.1,23.789500284675515,109.1805005286831,21.38268662015644,-30.586500366011386,79.80449987799621
49.2,16.963946218584635,96.50447154880004,20.614468426531662,-21.81078799532311,82.72973733489229
49.300000000000004,9.394517849026114,82.44696171961992,19.1615509491943,-12.078665805890726,85.9737780647031
49.400000000000006,1.4131369578483803,67.62439720743271,17.087645070183477,-1.8168903743764957,89.39436987520783
49.5,-6.630210427249985,77.3132479363214,14.483692205566433,8.524556263607117,92.8415187545357
49.6,-14.382821028591557,91.71095333881289,11.46387649613628,18.492198465332,96.16406615511066
49.7,-21.504740466645774,104.93737515234216,8.160617797421207,27.648952028544567,99.21631734284819
49.800000000000004,-27.68367036501651,116.41253067788782,4.718765027946324,35.59329046930694,101.86443015643565
49.900000000000006,-32.648662731114015,125.6332307863546,1.2892444992278973,41.97685208286087,103.99228402762029
50.0,-36.18200110967131,132.19514491796102,-1.9775582498003343,46.51971571243455,105.50657190414485
50.1,-38.12874751683691,135.8105311026971,-4.938392905314295,49.02267537879032,106.34089179293011
50.2,-38.40353651882588,136.32085353496234,-7.463425949294658,49.37597552420471,106.45865850806824
50.300000000000004,-36.99431853266848,133.70373441781288,-9.44193389956215,47.56412382771663,105.8547079425722
50.400000000000006,-33.962888204161125,128.07393523629923,-10.787158568814924,43.666570548207176,104.55552351606906
50.5,-29.442174693481107,119.67832443075062,-11.440111438051922,37.854224605904285,102.61807486863476
50.6,-23.630412690281567,108.88505213909434,-11.372160321427806,30.381959173219162,100.12731972440639
50.7,-16.7824497610629,96.16740669911681,-10.586284896483239,21.577435407080877,97.19247846902695
50.800000000000004,-9.198571204334481,82.08306080804975,-9.116946044360521,11.826734405572912,93.94224480185764
50.900000000000006,-1.2113324471342242,67.2496174018207,-7.028574729476606,1.5574274320297232,90.51914247734324
51.0,6.829023613597254,77.68247242525204,-4.412746681748576,-8.78017321748218,87.07327559417261
51.1,14.569924870683833,92.05843190269854,-1.3841667724323408,-18.732760548022068,83.75574648399264
51.2,21.671930402972478,105.24787074837747,1.9243608300604778,-27.86391051810747,80.71202982729751
51.300000000000004,27.82361506501167,116.67242797787881,5.367756164139835,-35.77321936930072,78.07559354356643
51.400000000000006,32.75522557627556,125.83113321308319,8.795025276353094,-42.11386145521145,75.96204618159618
51.5,36.250509286185675,132.32237438863052,12.055881353078387,-46.6077976536673,74.46406744877757
51.6,38.15619691991473,135.86150856555594,15.007334843917072,-49.05796746846179,73.6473441771794
51.7,38.38872348362808,136.29334361245213,17.519963597830397,-49.35693019323611,73.54768993558797
51.800000000000004,36.93789261538311,133.59894342856865,19.483588064606028,-47.4915762197783,74.16947459340723
51.900000000000006,33.86732369876304,127.8964582977028,20.81210270230971,-43.54370189840963,75.48543270053013
52.0,29.31166213317367,119.43594396160825,21.44725173200683,-37.68642274265187,77.43785908578272
52.1,23.470675091315925,108.58839659815814,21.36118367173818,-30.176582260263338,79.94113924657889
52.2,16.60049166670022,95.82948452387183,20.557672632642642,-21.343489285757432,82.88550357141419
52.300000000000004,9.002371533451313,81.7186899906953,19.071952823013163,-11.574477685865983,86.141840771378
52.400000000000006,1.0094946161549248,66.87477571571628,16.969173517334315,-1.2979216493420522,89.56735945021931
52.5,-7.027648953179835,78.05134805590541,14.341542240388337,9.035548654088354,93.01184955136279
52.6,-14.756627936119955,92.40516616707991,11.30428143869376,18.97280734643994,96.32426911547998
52.7,-21.83852420693225,105.55725924144559,7.990575940485424,28.07810255177003,99.35936751725667
52.800000000000004,-27.962794417518303,116.93090391824828,4.545732759686553,35.95216425109496,101.98405475036499
52.900000000000006,-32.86088741955178,126.02736235059616,1.120809338277518,42.24971239656658,104.08323746552219
53.0,-36.31802031563019,132.44775201474178,-2.134010369389152,46.694597548667396,105.5648658495558
53.1,-38.18259675594621,135.91053683247154,-5.076001509570359,49.09191011478799,106.36397003826266
53.2,-38.372854485248006,136.26387261546057,-7.576156858238669,49.336527195318865,106.44550906510628
53.300000000000004,-36.880450643092594,133.49226548002912,-9.524843827870663,47.41772225540477,105.80590741846825
53.400000000000006,-33.770827600864045,127.71725125874752,-10.836611890415071,43.419635486825214,104.47321182894174
53.5,-29.180343293489702,119.19206611648087,-11.453939609452377,37.51758423448677,102.50586141149559
53.6,-23.310291881698873,108.2905420660122,-11.349756973023513,29.97037527646999,99.99012509215666
53.7,-16.418076940638564,95.49071431832876,-10.528632422050675,21.108956066535303,97.0363186888451
53.800000000000004,-8.805924233263248,81.35385929034604,-9.02657252278588,11.321902585624184,93.77396752854139
53.900000000000006,-0.8076290168866271,66.49988245993231,-6.909443067712491,1.0383801645685267,90.34612672152284
54.0,7.226080982386369,78.41986468157468,-4.270080840114943,-9.29067554878247,86.90310815040584
54.1,14.942925089236011,92.75114659429545,-1.224222692336121,-19.212332257589154,83.59588924747028
54.2,22.00451729600907,105.8655321211597,2.0945695510964963,-28.291522237725946,80.56949258742469
54.300000000000004,28.10120459411306,117.18795138906711,5.540765820903826,-36.13012019243108,77.95662660252297
54.400000000000006,32.96564535448948,126.22191280119475,8.963249341732782,-42.38440117005791,75.87186627664737
54.5,36.384532340970594,132.5712743475168,12.211943149628066,-46.780113009819345,74.40662899672688
54.6,38.20794629874781,135.95761455481735,15.144391013451653,-49.12450238410433,73.62516587196522
54.7,38.35592996019616,136.23244135465,17.632004184804472,-49.31476709168078,73.56174430277308
54.800000000000004,36.82199419586039,133.38370350659787,19.56570005452865,-47.34256396610622,74.21914534463126
54.900000000000006,33.673402564794046,127.53631904890322,20.860685458953796,-43.29437472616378,75.56854175794541
55.0,29.048221786632485,118.94669760374605,21.460174886424305,-37.34771372567035,77.55076209144322
55.1,23.14926747311085,107.9914967357773,21.337880539599396,-29.763343893999675,80.07888536866677
55.2,16.235210600581976,95.15110540108081,20.499165063519932,-20.87384220074826,83.04205259975058
55.300000000000004,8.609234707470046,80.98857874244437,18.9808063919601,-11.069016052461494,86.31032798251283
55.400000000000006,0.6057412020709053,66.12494794670312,16.849385023623874,-0.7788101169483129,89.7403966276839
55.5,-7.424314242924488,78.7880121654312,14.198364446625245,9.545546883760053,93.18184896125335
55.6,-15.12881120553505,93.09636366742224,11.143992735544456,19.451328692830774,96.48377623094359
55.7,-22.16990510421219,106.17268090782264,7.82020503730047,28.504163705415674,99.50138790180523
55.800000000000004,-28.23884178753148,117.44356331970133,4.37275047341531,36.307082298254755,102.10236076608491
55.900000000000006,-33.06949649950027,126.41477921335765,0.9528009958276664,42.51792407078606,104.17264135692868
56.0,-36.45004353265305,132.6929379892128,-2.2896775500892925,46.86434168483964,105.62144722827988
56.1,-38.232244851026756,136.00274043762113,-5.212501474363103,49.15574337989155,106.38524779329718
56.2,-38.337950374017375,136.1990506946037,-7.6875040413290545,49.29165048087949,106.43055016029317
56.300000000000004,-36.76252488165463,133.27326049450147,-9.606155620743126,47.266103419270245,105.75536780642341
56.400000000000006,-33.57505127043535,127.35366664509422,-10.884322745731309,43.16792306198832,104.38930768732943
56.5,-28.915301246884397,118.6998451727853,-11.46595739140809,37.17681588885138,102.39227196295046
56.6,-22.987606294869867,107.69126883332976,-11.325554698152331,29.55549380768984,99.85183126922995
56.7,-16.051897676657134,94.81066711379182,-10.469271367612627,20.638154155702036,96.87938471856735
56.800000000000004,-8.412308366434434,80.62285839480681,-8.934655689430357,10.815825042558565,93.60527501418619
56.900000000000006,-0.40383672506045687,65.749982489398,-6.789001037092387,0.5192186465063079,90.17307288216877
57.0,7.622343281967265,79.15578038079634,-4.12639503263099,-9.800155648243623,86.73328145058547
57.1,15.31428117182457,93.44080789053135,-1.063593775214155,-19.68979007806016,83.43673664064661
57.2,22.334683082198612,106.47869715265458,2.2650979500176884,-28.71602110568393,80.42799296477203
57.300000000000004,28.375702211770555,117.69773267900246,5.713715978438233,-36.48304570084786,77.83898476638404
57.400000000000006,33.172437997938054,126.60595628188497,9.131037339827568,-42.650277425920365,75.78324085802655
57.5,36.51455208865323,132.81273959321317,12.367211432523227,-46.94728125683987,74.35090624772005
57.6,38.25549174439982,136.04591323959966,15.280331018781979,-49.18563224279977,73.60478925240008
57.7,38.31891622127832,136.16370155380258,17.742654901171115,-49.267177998786416,73.57760733373786
57.800000000000004,36.702044336304965,133.16093948170922,19.646209413697903,-47.1883427181064,74.27055242729787
57.900000000000006,33.47577642314819,127.16929907156093,20.90752310055408,-43.04028397261911,75.65323867579363
58.0,28.78158533050579,118.45151561379646,21.471286965343715,-37.004895424936024,77.66503485835466
58.1,22.825312793808287,107.38986661707253,21.312779787730637,-29.34683073489638,80.21772308836788
58.2,15.868143211273424,94.46940882093637,20.43895215661805,-20.40189841449441,83.19936719516853
58.300000000000004,8.215150627031612,80.25670830734443,18.88812168466926,-10.562336520469223,86.47922115984359
58.400000000000006,0.20192113966462952,65.37499640223432,16.728292769107206,-0.2596128938545298,89.91346236871516
58.5,-7.820162652307426,79.52315921142808,14.054174577803025,10.05449483868097,93.35149827956032
58.6,-15.499329886361144,93.78446978895641,10.983028022888554,19.927709853892896,96.64256995129763
58.7,-22.498846697401785,106.78357243803188,7.649523833387988,28.92708861094515,99.64236287031505
58.800000000000004,-28.51178210219394,117.95045247550303,4.199837201978759,36.658005559963634,102.21933518665455
58.900000000000006,-33.27446701817853,126.79543874804584,0.785237957452817,42.78145759480097,104.26048586493366
59.0,-36.57805623452645,132.93067586412053,-2.4445426641959287,47.02892944439115,105.67630981479705
59.1,-38.27768633941187,136.08713177319348,-5.347877780912748,49.214168150672414,106.4047227168908
59.2,-38.298828025553746,136.1263949045998,-7.797455247289234,49.24135031856911,106.41378343952303
59.300000000000004,-36.64055422345713,133.04674355784897,-9.685860331628433,47.109284001587746,105.70309466719591
59.400000000000006,-33.375580753698124,126.9832213997251,-10.93028588524706,42.911460969040455,104.30382032301348
59.5,-28.647077715637025,118.20171575761162,-11.476163461629923,36.8319570629619,102.27731902098729
59.6,-22.66239143415364,107.08729837771389,-11.29955615973536,29.137360415340403,99.71245347178014
59.7,-15.68395225898779,94.12733990954875,-10.408208264530517,20.165081475841454,96.72169382528048
59.800000000000004,-8.017766912503514,79.89013855179225,-8.841205657693344,10.3085574589331,93.43618581964436
59.900000000000006,0.0,65.0,-6.667261889578034,6.062001655779399e-15,90.0
