timestamp_s,quadriceps,hamstrings,gastrocnemius,hip_flexors,glutes,tibialis_anterior
0.0,0.3333333333333333,0.33333333333333326,0.0,0.0,0.3333333333333333,0.6666666666666666
0.1,0.4027512286796842,0.26391543798698225,0.007308385029075196,0.007308385029075196,0.4027512286796842,0.6593582816375914
0.2,0.46912512778344007,0.19754153888322667,0.028913065165901603,0.028913065165901603,0.46912512778344007,0.637753601500765
0.30000000000000004,0.5295445145814133,0.13712215208525325,0.06386666848525942,0.06386666848525942,0.5295445145814133,0.6027999981814072
0.4,0.5813599802219629,0.08530668644470377,0.11063646863988019,0.11063646863988019,0.5813599802219629,0.5560301980267864
0.5,0.6222994004649169,0.04436726620174976,0.16717159538618664,0.16717159538618664,0.6222994004649169,0.49949507128048
0.6000000000000001,0.6505675690342597,0.01609909763240691,0.2309929658806015,0.2309929658806015,0.6505675690342597,0.4356737007860652
0.7000000000000001,0.664924917970162,0.0017417486965047115,0.2993019932311858,0.2993019932311858,0.664924917970162,0.36736467343548085
0.8,0.6647418730685014,0.0019247935981652198,0.36910330540090164,0.36910330540090164,0.6647418730685014,0.29756336126576505
0.9,0.6500264609049917,0.016640205761674833,0.4373360932005231,0.4373360932005231,0.6500264609049917,0.2293305734661436
1.0,0.621423956867348,0.04524270979931866,0.5010083277209693,0.5010083277209693,0.621423956867348,0.16565833894569743
1.1,0.5801885896293866,0.08647807703728008,0.5573279617290182,0.5573279617290182,0.5801885896293866,0.10933870493764844
1.2000000000000002,0.5281285428346494,0.1385381238320172,0.6038253618045055,0.6038253618045055,0.5281285428346494,0.06284130486216111
1.3,0.46752666568278256,0.19914000098388418,0.6384616025318155,0.6384616025318155,0.46752666568278256,0.028205064134851205
1.4000000000000001,0.401040369284049,0.2656262973826176,0.6597178740117784,0.6597178740117784,0.401040369284049,0.006948792654888199
1.5,0.3315850983578838,0.3350815683087829,0.6666620821468459,0.6666620821468459,0.3315850983578838,4.584519820808689e-06
1.6,0.26220648807765,0.4044601785890166,0.6589897212563789,0.6589897212563789,0.26220648807765,0.007676945410287664
1.7000000000000002,0.1959468120236081,0.47071985464305854,0.6370372267451951,0.6370372267451951,0.1959468120236081,0.02962943992147149
1.8,0.1357115775427864,0.5309550891238803,0.6017672223067125,0.6017672223067125,0.1357115775427864,0.06489944435995398
1.9000000000000001,0.08414211835059993,0.5825245483160667,0.5547263085754133,0.5547263085754133,0.08414211835059993,0.11194035809125327
2.0,0.04349977122815466,0.6231668954385119,0.4979772442093042,0.4979772442093042,0.04349977122815466,0.1686894224573624
2.1,0.01556671570298751,0.6510999509636792,0.43400849328294894,0.43400849328294894,0.01556671570298751,0.23265817338371764
2.2,0.0015678249239973185,0.6650988417426693,0.36562510536594084,0.36562510536594084,0.0015678249239973185,0.3010415613007258
2.3000000000000003,0.0021169545939409375,0.6645497120727257,0.2958257132292199,0.2958257132292199,0.0021169545939409375,0.37084095343744666
2.4000000000000004,0.01719002520646551,0.6494766414602011,0.22767104186796985,0.22767104186796985,0.01719002520646551,0.4389956247986967
2.5,0.04612607793993021,0.6205405887267365,0.16414969476121954,0.16414969476121954,0.04612607793993021,0.502516971905447
2.6,0.08765625790674861,0.5790104087599179,0.1080471026822984,0.1080471026822984,0.08765625790674861,0.5586195639843682
2.7,0.13995945383377478,0.5267072128328918,0.061823381695458125,0.061823381695458125,0.13995945383377478,0.6048432849712084
2.8000000000000003,0.20074215435649334,0.46592451231017323,0.027505456303389075,0.027505456303389075,0.20074215435649334,0.6391612103632776
2.9000000000000004,0.26733901920374276,0.3993276474629238,0.006598178179076893,0.006598178179076893,0.26733901920374276,0.6600684884875898
3.0,0.336829755195325,0.3298369114713416,1.8337953176295052e-05,1.8337953176295052e-05,0.336829755195325,0.6666483287134903
3.1,0.40616717200375785,0.2604994946629088,0.008054463660491413,0.008054463660491413,0.40616717200375785,0.6586122030061753
3.2,0.47231080239529677,0.19435586427136978,0.030354168696155554,0.030354168696155554,0.47231080239529677,0.636312497970511
3.3000000000000003,0.5323602276612085,0.13430643900545808,0.06593960407755609,0.06593960407755609,0.5323602276612085,0.6007270625891106
3.4000000000000004,0.5836822618777849,0.08298440478888165,0.11325033742552551,0.11325033742552551,0.5836822618777849,0.5534163292411411
3.5,0.6240264179258459,0.042640248740820764,0.17021177840817497,0.17021177840817497,0.6240264179258459,0.49645488825849166
3.6,0.651623592048957,0.015043074617709557,0.23432615017043149,0.23432615017043149,0.651623592048957,0.43234051649623517
3.7,0.6652636396018817,0.0014030270647848266,0.30278201762387963,0.30278201762387963,0.6652636396018817,0.36388464904278706
3.8000000000000003,0.66434844026863,0.002318226398036545,0.3725775697474252,0.3725775697474252,0.66434844026863,0.29408909691924146
3.9000000000000004,0.6489181258238365,0.017748540842830174,0.4406522499316533,0.4406522499316533,0.6489181258238365,0.22601441673501335
4.0,0.6196493203419946,0.04701734632467206,0.5040209623354588,0.5040209623354588,0.6196493203419946,0.16264570433120787
4.1000000000000005,0.5778254700219188,0.08884119664474788,0.5599049692645794,0.5599049692645794,0.5778254700219188,0.10676169740208721
4.2,0.5252805636728338,0.14138610299383286,0.6058537396813826,0.6058537396813826,0.5252805636728338,0.060812926985284135
4.3,0.46431871173623535,0.20234795493043137,0.6398524057509558,0.6398524057509558,0.46431871173623535,0.026814260915710892
4.4,0.3976131103283518,0.2690535563383149,0.6604101154206312,0.6604101154206312,0.3976131103283518,0.006256551246035339
4.5,0.32808882076129153,0.3385778459053752,0.6666254067449175,0.6666254067449175,0.32808882076129153,4.125992174915567e-05
4.6000000000000005,0.25879450469722964,0.40787216196943704,0.6582257372714198,0.6582257372714198,0.25879450469722964,0.00844092939524695
4.7,0.19276873938890127,0.4738979272777655,0.6355794351119137,0.6355794351119137,0.19276873938890127,0.031087231554752827
4.800000000000001,0.1329067751245814,0.5337598915420853,0.5996795476403981,0.5996795476403981,0.1329067751245814,0.06698711902626853
4.9,0.08183357760491357,0.584833089061753,0.552100296057727,0.552100296057727,0.08183357760491357,0.11456637060893951
5.0,0.041788722382735566,0.6248779442839311,0.49492804530366885,0.49492804530366885,0.041788722382735566,0.17173862136299772
5.1000000000000005,0.014528188780430754,0.6521384778862359,0.4306698163071597,0.4306698163071597,0.014528188780430754,0.23599685035950682
5.2,0.0012473596519817127,0.665419307014685,0.36214335234095874,0.36214335234095874,0.0012473596519817127,0.30452331432570784
5.300000000000001,0.002528603474044451,0.6641380631926221,0.2923535601051415,0.2923535601051415,0.002528603474044451,0.3743131065615251
5.4,0.01831573730761271,0.6483509293590539,0.2243607436362586,0.2243607436362586,0.01831573730761271,0.44230592303040794
5.5,0.047916490437318604,0.618750176229348,0.16114640902610616,0.16114640902610616,0.047916490437318604,0.5055202576405604
5.6000000000000005,0.09003286065702731,0.5766338060096393,0.10548252445481039,0.10548252445481039,0.09003286065702731,0.5611841422118562
5.7,0.14281803206918303,0.5238486345974835,0.059809968526337055,0.059809968526337055,0.14281803206918303,0.6068566981403296
5.800000000000001,0.20395735853475033,0.46270930813191624,0.026131496984610404,0.026131496984610404,0.20395735853475033,0.6405351696820563
5.9,0.27076986162435746,0.3958968050423091,0.005923921252936207,0.005923921252936207,0.27076986162435746,0.6607427454137305
6.0,0.3403257923539943,0.3263408743126723,7.334979502208552e-05,7.334979502208552e-05,0.3403257923539943,0.6665933168716445
6.1000000000000005,0.4095751015866924,0.25709156507997416,0.008836331983995433,0.008836331983995433,0.4095751015866924,0.6578303346826712
6.2,0.47548118563323205,0.1911854810334345,0.03182860833281653,0.03182860833281653,0.47548118563323205,0.6348380583338501
6.300000000000001,0.5351540422657897,0.13151262440087697,0.06804196039197315,0.06804196039197315,0.5351540422657897,0.5986247062746936
6.4,0.5859769982120309,0.08068966845463577,0.11588842144121414,0.11588842144121414,0.5859769982120309,0.5507782452254526
6.5,0.6257214510897311,0.04094521557693549,0.1732699093227807,0.1732699093227807,0.6257214510897311,0.493396757343886
6.6000000000000005,0.6526445943124896,0.014022072354176999,0.23767022799479523,0.23767022799479523,0.6526445943124896,0.4289964386718714
6.7,0.6655658396991168,0.0011008269675498727,0.30626540350815534,0.30626540350815534,0.6655658396991168,0.3604012631585114
6.800000000000001,0.663918586631569,0.002748080035097596,0.37604751614012977,0.37604751614012977,0.663918586631569,0.290619150526537
6.9,0.647775067667794,0.018891598998872567,0.4439565986071785,0.4439565986071785,0.647775067667794,0.22271006805948823
7.0,0.6178431811216607,0.04882348554500593,0.5070148165794579,0.5070148165794579,0.6178431811216607,0.15965185008720872
7.1000000000000005,0.5754354495023234,0.09123121716434324,0.5624570476398361,0.5624570476398361,0.5754354495023234,0.10420961902683053
7.2,0.5224114649950844,0.14425520167158226,0.6078521327595522,0.6078521327595522,0.5224114649950844,0.0588145339071144
7.300000000000001,0.4610963457672724,0.2055703208993943,0.6412094833757103,0.6412094833757103,0.4610963457672724,0.025457183290956326
7.4,0.39417877881540986,0.27248788785125677,0.6610663693171943,0.6610663693171943,0.39417877881540986,0.005600297349472279
7.5,0.32459312020645503,0.34207354646021165,0.6665520599763716,0.6665520599763716,0.32459312020645503,0.00011460669029506043
7.6000000000000005,0.25539072265410523,0.4112759440125614,0.6574260061163159,0.6574260061163159,0.25539072265410523,0.009240660550350777
7.7,0.18960613275584554,0.47706053391082115,0.6340883880294592,0.6340883880294592,0.18960613275584554,0.03257827863720737
7.800000000000001,0.13012402518341476,0.5365426414832519,0.5975625675076437,0.5975625675076437,0.13012402518341476,0.06910409915902294
7.9,0.0795527088036935,0.5871139578629732,0.5494502131101269,0.5494502131101269,0.0795527088036935,0.11721645355653965
8.0,0.04010975152586286,0.6265569151408038,0.4918610665004633,0.4918610665004633,0.04010975152586286,0.17480560016620328
8.1,0.01352473926075326,0.6531419274059134,0.4273204296201685,0.4273204296201685,0.01352473926075326,0.23934623704649818
8.200000000000001,0.00096343304218142,0.6657032336244852,0.3586584294152998,0.3586584294152998,0.00096343304218142,0.3080082372513668
8.3,0.0029766500440280654,0.6636900166226385,0.28888591589203805,0.28888591589203805,0.0029766500440280654,0.3777807507746285
8.4,0.019476110076313703,0.6471905565903529,0.2210624354100315,0.2210624354100315,0.019476110076313703,0.44560423125663506
8.5,0.04973830669891155,0.6169283599677551,0.15816206862552595,0.15816206862552595,0.04973830669891155,0.5085045980411407
8.6,0.0924362332033605,0.5742304334633062,0.10294301613210857,0.10294301613210857,0.0924362332033605,0.563723650534558
8.700000000000001,0.1456975722686345,0.5209690943980321,0.05782665050915503,0.05782665050915503,0.1456975722686345,0.6088400161575116
8.8,0.2071867976564148,0.45947986901025184,0.02479133838317582,0.02479133838317582,0.2071867976564148,0.6418753282834908
8.9,0.27420758776106147,0.3924590789056051,0.005285688437604685,0.005285688437604685,0.27420758776106147,0.6613809782290619
9.0,0.343821060148347,0.3228456065183196,0.00016502947270983595,0.00016502947270983595,0.343821060148347,0.6665016371939567
9.1,0.4129746424617692,0.25369202420489745,0.00965390397239907,0.00965390397239907,0.4129746424617692,0.6570127626942676
9.200000000000001,0.47863592866721005,0.1880307379994565,0.03333622184665459,0.03333622184665459,0.47863592866721005,0.6333304448200121
9.3,0.5379256509981079,0.1287410156685588,0.0701735061110403,0.0701735061110403,0.5379256509981079,0.5964931605556263
9.4,0.5882439367400953,0.07842272992657129,0.1185504304245785,0.1185504304245785,0.5882439367400953,0.5481162362420882
9.5,0.6273843134559405,0.039282353210726186,0.17634565165083563,0.17634565165083563,0.6273843134559405,0.49032101501583103
9.600000000000001,0.653630463486307,0.01303620318035951,0.24102483141243738,0.24102483141243738,0.653630463486307,0.42564183525422933
9.700000000000001,0.6658314850114795,0.0008351816551871819,0.3097517676150093,0.3097517676150093,0.6658314850114795,0.3569148990516574
9.8,0.6634523594531334,0.0032143072135332553,0.3795127627887289,0.3795127627887289,0.6634523594531334,0.28715390387793777
9.9,0.6465974122049465,0.020069254461720216,0.44724877565715027,0.44724877565715027,0.6465974122049465,0.21941789100951642
10.0,0.6160057379317255,0.0506609287349411,0.5099895610460125,0.5099895610460125,0.6160057379317255,0.1566771056206542
10.100000000000001,0.5730187910391065,0.09364787562756019,0.5649839160554261,0.5649839160554261,0.5730187910391065,0.10168275061124057
10.200000000000001,0.5195215624817846,0.14714510418488208,0.6098203211603825,0.6098203211603825,0.5195215624817846,0.05684634550628405
10.3,0.4578599223254714,0.2088067443411953,0.6425326860899234,0.6425326860899234,0.4578599223254714,0.024133980576743243
10.4,0.39073775261688654,0.27592891404978015,0.6616865634953482,0.6616865634953482,0.39073775261688654,0.004980103171318436
10.5,0.32109838131733365,0.34556828534933304,0.6664420499113858,0.6664420499113858,0.32109838131733365,0.00022461675528084868
10.600000000000001,0.25199551645865187,0.4146711502080148,0.6565906157836625,0.6565906157836625,0.25199551645865187,0.010076050883004154
10.700000000000001,0.1864593400988365,0.48020732656783016,0.6325642495543415,0.6325642495543415,0.1864593400988365,0.03410241711232501
10.8,0.12736363389891517,0.5393030327677515,0.5954165148349446,0.5954165148349446,0.12736363389891517,0.07125015183172197
10.9,0.07729976290573155,0.5893669037609351,0.5467763513151951,0.5467763513151951,0.07729976290573155,0.1198903153514715
11.0,0.038463043390870366,0.6282036232757963,0.48877664525236997,0.48877664525236997,0.038463043390870366,0.17789002141429658
11.100000000000001,0.012556477551216508,0.6541101891154502,0.42396070174735123,0.42396070174735123,0.012556477551216508,0.2427059649193154
11.200000000000001,0.0007160763343935967,0.665950590332273,0.3551707200270835,0.3551707200270835,0.0007160763343935967,0.3114959466395831
11.3,0.003461045006349435,0.6632056216603172,0.2854231621268942,0.2854231621268942,0.003461045006349435,0.3812435045397724
11.4,0.02067101583939949,0.6459956508272671,0.21777648009461958,0.21777648009461958,0.02067101583939949,0.44889018657204705
11.5,0.051591326274421236,0.6150753403922453,0.15519700191964597,0.15519700191964597,0.051591326274421236,0.5114696647470206
11.600000000000001,0.09486611110814865,0.5718005555585179,0.10042885713050143,0.10042885713050143,0.09486611110814865,0.5662378095361652
11.700000000000001,0.14859775760289012,0.5180689090637765,0.05587364586386904,0.05587364586386904,0.14859775760289012,0.6107930208027976
11.8,0.21043011639366732,0.4562365502729993,0.023485127953678887,0.023485127953678887,0.21043011639366732,0.6431815387129878
11.9,0.2776518193686879,0.3890148472979787,0.004683549956383426,0.004683549956383426,0.2776518193686879,0.6619831167102832
12.0,0.34731517400204015,0.3193514926646265,0.00029336689893374085,0.00029336689893374085,0.34731517400204015,0.666373299767733
12.100000000000001,0.4163654205852597,0.2503012460814068,0.010507089670121261,0.010507089670121261,0.4163654205852597,0.6561595769965454
12.200000000000001,0.4817746843880504,0.18489198227861628,0.03487684335839347,0.03487684335839347,0.4817746843880504,0.6317898233082732
12.3,0.540674748904377,0.1259919177622896,0.07233400670564474,0.07233400670564474,0.540674748904377,0.5943326599610219
12.4,0.5904828280359037,0.07618383863076295,0.12123607148084303,0.12123607148084303,0.5904828280359037,0.5454305951858236
12.5,0.6290148220635198,0.03765184460314678,0.17943866697542576,0.17943866697542576,0.6290148220635198,0.48722799969124087
12.600000000000001,0.6545810910974731,0.012085575569193503,0.24438959132399551,0.24438959132399551,0.6545810910974731,0.4222770753426711
12.700000000000001,0.6660605463106221,0.0006061203560446075,0.313240726347751,0.313240726347751,0.6660605463106221,0.3534259403189156
12.8,0.6629498100312362,0.003716856635430458,0.3829729284200377,0.3829729284200377,0.6629498100312362,0.28369373824662897
12.9,0.6453852890100376,0.021281377656629036,0.4505284188508383,0.4505284188508383,0.6453852890100376,0.2161382478158284
13.0,0.6141371929418715,0.05252947372479514,0.5129448684307749,0.5129448684307749,0.6141371929418715,0.15372179823589177
13.100000000000001,0.570575760531688,0.09609090613497864,0.5674852964857794,0.5674852964857794,0.570575760531688,0.09918137018088727
13.200000000000001,0.516611174102316,0.15005549256435058,0.6117580883285931,0.6117580883285931,0.516611174102316,0.05490857833807346
13.3,0.4546097975071215,0.21205686915954516,0.6438218683046185,0.6438218683046185,0.4546097975071215,0.022844798362048148
13.4,0.38729041034104555,0.27937625632562113,0.662270629716542,0.662270629716542,0.38729041034104555,0.004396036950124582
13.5,0.31760498861207476,0.34906167805459193,0.6662953886541165,0.6662953886541165,0.31760498861207476,0.00037127801255002846
13.600000000000001,0.24860925967766173,0.4180574069890049,0.6557196581895521,0.6557196581895521,0.24860925967766173,0.010947008477114495
13.700000000000001,0.18332870765229303,0.48333795901437365,0.631007187384041,0.631007187384041,0.18332870765229303,0.03565947928262551
13.8,0.12462590499063941,0.5420407616760272,0.5932416257475815,0.5932416257475815,0.12462590499063941,0.07342504091908504
13.9,0.07507498779752593,0.5915916788691407,0.5440790048718458,0.5440790048718458,0.07507498779752593,0.12258766179482072
14.0,0.03684877916129821,0.6298178875053685,0.48567512093122345,0.48567512093122345,0.03684877916129821,0.18099154573544318
14.100000000000001,0.011623510187448005,0.6550431564792186,0.42059100235190316,0.42059100235190316,0.011623510187448005,0.2460756643147634
14.200000000000001,0.0005053167447126583,0.666161349921954,0.3516806079210191,0.3516806079210191,0.0005053167447126583,0.31498605874564756
14.3,0.003981735064135608,0.662684931602531,0.2819656798086091,0.2819656798086091,0.003981735064135608,0.38470098685805754
14.4,0.021900323124114496,0.6447663435425521,0.2145032392361909,0.2145032392361909,0.021900323124114496,0.45216342743047566
14.5,0.05347534528033041,0.6131913213863363,0.15225153514799283,0.15225153514799283,0.05347534528033041,0.5144151315186738
14.600000000000001,0.09732222701746829,0.5693444396491982,0.0979403240771692,0.0979403240771692,0.09732222701746829,0.5687263425894974
14.700000000000001,0.15151826897117218,0.5151483976954944,0.05395116947512579,0.05395116947512579,0.15151826897117218,0.6127154971915407
14.8,0.2136869578915446,0.452979708775122,0.022213009415474105,0.022213009415474105,0.2136869578915446,0.6444536572511925
14.9,0.2811021774862883,0.3855644891803783,0.004117572061196191,0.004117572061196191,0.2811021774862883,0.6625490946054704
15.0,0.35080774946569626,0.31585891720097037,0.00045834795301954073,0.00045834795301954073,0.35080774946569626,0.6662083187136472
15.100000000000001,0.41974706287758135,0.2469196037890852,0.011395795203085682,0.011395795203085682,0.41974706287758135,0.6552708714635809
15.200000000000001,0.48489710744562015,0.18176955922104646,0.036450303356962345,0.036450303356962345,0.48489710744562015,0.6302163633097043
15.3,0.5434010335076256,0.12326563315904096,0.07452322446083444,0.07452322446083444,0.5434010335076256,0.5921434422058323
15.4,0.5926934257593538,0.07397324090731283,0.12394504911504847,0.12394504911504847,0.5926934257593538,0.5427216175516182
15.5,0.6306127975113266,0.03605386915533999,0.18254861497913044,0.18254861497913044,0.6306127975113266,0.4841180516875362
15.600000000000001,0.6554963725505999,0.011170294116066737,0.24776413751261142,0.24776413751261142,0.6554963725505999,0.41890252915405524
15.700000000000001,0.6662529983934522,0.00041366827321442923,0.31673189582420935,0.31673189582420935,0.6662529983934522,0.3499347708424573
15.8,0.662410993660244,0.0042556730064226365,0.38642763231992416,0.38642763231992416,0.662410993660244,0.28023903434674247
15.9,0.6441388314502181,0.022527835216448557,0.45379516733658193,0.45379516733658193,0.6441388314502181,0.2128714993300847
16.0,0.6122377517438421,0.05442891492282457,0.515880413568014,0.515880413568014,0.6122377517438421,0.15078625309865262
16.1,0.5681066267811403,0.09856003988552627,0.569960913709715,0.569960913709715,0.5681066267811403,0.09670575295695168
16.2,0.513680620080075,0.15298604658659168,0.6136652210560818,0.6136652210560818,0.513680620080075,0.053001445610584876
16.3,0.4513463289160443,0.21532033775062237,0.6450768881740166,0.6450768881740166,0.4513463289160443,0.02158977849264998
16.400000000000002,0.3838371312910956,0.2828295353755711,0.6628185037173016,0.6628185037173016,0.3838371312910956,0.0038481629493650007
16.5,0.3141133264607089,0.3525533402059578,0.6661120923413676,0.6661120923413676,0.3141133264607089,0.0005545743252990027
16.6,0.24523232489324412,0.42143434177342254,0.6548132291634621,0.6548132291634621,0.24523232489324412,0.011853437503204556
16.7,0.18021457987255923,0.48645208679410745,0.6294173728385553,0.6294173728385553,0.18021457987255923,0.03724929382811144
16.8,0.12191113968465457,0.5447555269820121,0.5910381395436399,0.5910381395436399,0.12191113968465457,0.0756285271230267
16.900000000000002,0.07287862826600733,0.5937880384006593,0.5413584705629559,0.5413584705629559,0.07287862826600733,0.12530819610371063
17.0,0.03526713645095747,0.6313995302157092,0.48255683479067024,0.48255683479067024,0.03526713645095747,0.1841098318759963
17.1,0.010725939821718728,0.655940726844948,0.4172117021941627,0.4172117021941627,0.010725939821718728,0.24945496447250384
17.2,0.0003311774625354887,0.6663354892041311,0.34818847710618084,0.34818847710618084,0.0003311774625354887,0.3184781895604858
17.3,0.004538662927047595,0.662128003739619,0.2785138493560735,0.2785138493560735,0.004538662927047595,0.3881528173105931
17.400000000000002,0.02316389667258171,0.6435027699940848,0.21124307298197234,0.21124307298197234,0.02316389667258171,0.45542359368469426
17.5,0.05539015642232451,0.611276510244342,0.14932599239355784,0.14932599239355784,0.05539015642232451,0.5173406742731088
17.6,0.09980431069048734,0.5668623559761793,0.09547769077972845,0.09547769077972845,0.09980431069048734,0.5711889758869382
17.7,0.15445878503627736,0.5122078816303892,0.052059432868616695,0.052059432868616695,0.15445878503627736,0.6146072337980499
17.8,0.21695696380720642,0.44970970285946016,0.020975122736862084,0.020975122736862084,0.21695696380720642,0.6456915439298045
17.900000000000002,0.28455828247883264,0.38210838418783394,0.003587817025299237,0.003587817025299237,0.28455828247883264,0.6630788496413673
18.0,0.3542984022592034,0.3123682644074632,0.0006599544824781312,0.0006599544824781312,0.3542984022592034,0.6660067121841885
18.1,0.423119197264346,0.24354746940232058,0.012319922789049698,0.012319922789049698,0.423119197264346,0.6543467438776169
18.2,0.48800285428683265,0.178663812379834,0.038056428718146476,0.038056428718146476,0.48800285428683265,0.6286102379485201
18.3,0.5461042048409745,0.12056246182569211,0.07674091850197096,0.07674091850197096,0.5461042048409745,0.5899257481646957
18.400000000000002,0.594875486683418,0.0717911799832485,0.12667706526456207,0.12667706526456207,0.594875486683418,0.5399896014021046
18.5,0.6321780639777667,0.03448860268889997,0.18567515348146335,0.18567515348146335,0.6321780639777667,0.4809915131852033
18.6,0.6563762071393566,0.010290459527310076,0.2511480986846639,0.2511480986846639,0.6563762071393566,0.4155185679820027
18.7,0.6664088200849063,0.0002578465817603126,0.32022489191896875,0.32022489191896875,0.6664088200849063,0.346441774747698
18.8,0.6618359696248933,0.004830697041773302,0.389876494375197,0.389876494375197,0.6618359696248933,0.2767901722914696
18.900000000000002,0.6428581766703698,0.023808489996296922,0.4570486616814978,0.4570486616814978,0.6428581766703698,0.2096180049851688
19.0,0.6103076233288192,0.056359043337847504,0.5187958734663953,0.5187958734663953,0.6103076233288192,0.14787079320027136
19.1,0.5656116614606181,0.10105500520604851,0.5724104953407163,0.5724104953407163,0.5656116614606181,0.09425617132595024
19.200000000000003,0.5107302228572328,0.15593644380943383,0.6155415095053863,0.6155415095053863,0.5107302228572328,0.05112515716128037
19.3,0.4480698756242417,0.21859679104242496,0.6462976076111455,0.6462976076111455,0.4480698756242417,0.020369059055521072
19.400000000000002,0.38037829542345025,0.28628837124321643,0.6633301252163009,0.6633301252163009,0.38037829542345025,0.0033365414503658077
19.5,0.31062377904286187,0.35604288762380487,0.6658921811408143,0.6658921811408143,0.31062377904286187,0.000774485525852427
19.6,0.24186508366183418,0.4248015830048325,0.6538714284377115,0.6538714284377115,0.24186508366183418,0.01279523822895512
19.700000000000003,0.17711729940001586,0.48954936726665077,0.6277949808415542,0.6277949808415542,0.17711729940001586,0.03887168582511247
19.8,0.11921963668039606,0.5474470299862706,0.5888062986676814,0.5888062986676814,0.11921963668039606,0.07786036799898513
19.900000000000002,0.07071092597160589,0.5959557406950609,0.5386150477227108,0.5386150477227108,0.07071092597160589,0.12805161894395573
20.0,0.03371828928438847,0.6329483773822782,0.479422129928623,0.479422129928623,0.03371828928438847,0.1872445367380436
20.1,0.009863865211649059,0.6568028014550176,0.4138231730908194,0.4138231730908194,0.009863865211649059,0.25284349357584723
20.200000000000003,0.00019367764801011173,0.6664729890186565,0.3446947118137558,0.3446947118137558,0.00019367764801011173,0.3219719548529108
20.3,0.0051317673175829874,0.6615348993490837,0.27506805056631867,0.27506805056631867,0.0051317673175829874,0.39159861610034796
20.400000000000002,0.02446159745668704,0.6422050692099797,0.2079963400406172,0.2079963400406172,0.02446159745668704,0.45867032662604945
20.5,0.05733554901810315,0.6093311176485635,0.14642069554713444,0.14642069554713444,0.05733554901810315,0.5202459711195322
20.6,0.1023120890292033,0.5643545776374632,0.09304122819610128,0.09304122819610128,0.1023120890292033,0.5736254384705652
20.700000000000003,0.15741898225992718,0.5092476844067394,0.05019864418780754,0.05019864418780754,0.15741898225992718,0.6164680224788591
20.8,0.22023977434935718,0.4464268923173094,0.019771604119691845,0.019771604119691845,0.22023977434935718,0.6468950625469747
20.900000000000002,0.28801975407896707,0.3786469125876995,0.003094343136431569,0.003094343136431569,0.28801975407896707,0.6635723235302351
21.0,0.35778674831399565,0.3088799183526709,0.0008981643050028909,0.0008981643050028909,0.35778674831399565,0.6657685023616637
21.1,0.4264814527172974,0.24018521394936912,0.013279370748362569,0.013279370748362569,0.4264814527172974,0.653387295918304
21.200000000000003,0.4910915831934457,0.17557508347322087,0.03969504272363533,0.03969504272363533,0.4910915831934457,0.6269716239430313
21.3,0.5487839654806494,0.11788270118601714,0.07898684482123892,0.07898684482123892,0.5487839654806494,0.5876798218454278
21.400000000000002,0.5970287707209133,0.06963789594575331,0.1294318193318822,0.1294318193318822,0.5970287707209133,0.5372348473347844
21.5,0.6337104492401424,0.03295621742652417,0.18881793847652767,0.18881793847652767,0.6337104492401424,0.47784872819013896
21.6,0.657220498057551,0.009446168609115624,0.25454110251062734,0.25454110251062734,0.657220498057551,0.4121255641560393
21.700000000000003,0.6665279942402791,0.0001386724263875057,0.32371933030563965,0.32371933030563965,0.6665279942402791,0.342947336361027
21.8,0.6612248011937667,0.005441865472900005,0.3933191351154344,0.3933191351154344,0.6612248011937667,0.27334753155123226
21.900000000000002,0.6415434655780181,0.025123201088648517,0.4602885439110209,0.4602885439110209,0.6415434655780181,0.20637812275564574
22.0,0.6083470200644316,0.05831964660223502,0.5216909273445131,0.5216909273445131,0.6083470200644316,0.1449757393221536
22.1,0.5630911390854672,0.10357552758119948,0.5748337718569017,0.5748337718569017,0.5630911390854672,0.09183289480976498
22.200000000000003,0.5077603070592704,0.15890635960739624,0.6173867472327659,0.6173867472327659,0.5077603070592704,0.049279919433900754
22.3,0.44478079813240046,0.22188586853426617,0.6474838923030283,0.6474838923030283,0.44478079813240046,0.01918277436363839
22.400000000000002,0.37691428330593524,0.2897523833607314,0.6638054379209923,0.6638054379209923,0.37691428330593524,0.0028612287456742562
22.5,0.3071367303054742,0.35952993636119246,0.665635679248784,0.665635679248784,0.3071367303054742,0.001030987417882619
22.6,0.23850790647329947,0.4281587601933672,0.6528943596364848,0.6528943596364848,0.23850790647329947,0.01377230703018184
22.700000000000003,0.1740372070213643,0.49262945964530236,0.6261401899011267,0.6261401899011267,0.1740372070213643,0.04052647676553996
22.8,0.11655169211779748,0.5501149745488692,0.5865463486840647,0.5865463486840647,0.11655169211779748,0.0801203179826018
22.900000000000002,0.06857211942165845,0.5980945472450082,0.5358490382036654,0.5358490382036654,0.06857211942165845,0.1308176284630012
23.0,0.032202408077710534,0.6344642585889562,0.4762713512495043,0.4762713512495043,0.032202408077710534,0.1903953154171623
23.1,0.009037381209341092,0.6576292854573256,0.4104257878739979,0.4104257878739979,0.009037381209341092,0.25624087879266866
23.200000000000003,9.283242992759917e-05,0.666573834236739,0.34119969645477355,0.34119969645477355,9.283242992759917e-05,0.32546697021189297
23.3,0.0057609829778178705,0.6609056836888487,0.2716286625727293,0.2716286625727293,0.0057609829778178705,0.3950380040939373
23.400000000000002,0.025793282693371406,0.6408733839732952,0.20476339764274978,0.20476339764274978,0.025793282693371406,0.46190326902391676
23.5,0.05931130902055366,0.6073553576461129,0.14353596427191165,0.14353596427191165,0.05931130902055366,0.5231307023947549
23.6,0.10484528610848223,0.5618213805581843,0.09063120440471158,0.09063120440471158,0.10484528610848223,0.576035462261955
23.700000000000003,0.16039853493837514,0.5062681317282914,0.04836900817103118,0.04836900817103118,0.16039853493837514,0.6182976584956354
23.8,0.22353502831784536,0.4431316383488213,0.018602585984369997,0.018602585984369997,0.22353502831784536,0.6480640806822966
23.900000000000002,0.29148621142887166,0.375180455237795,0.00263720469039889,0.00263720469039889,0.29148621142887166,0.6640294619762677
24.0,0.36127240381531667,0.30539426285134985,0.0011729512109106184,0.0011729512109106184,0.36127240381531667,0.6654937154557561
24.1,0.42983345929514094,0.23683320737152572,0.014274033515154733,0.014274033515154733,0.42983345929514094,0.652392633151512
24.200000000000003,0.4941629543196662,0.17250371234700038,0.04136596508046915,0.04136596508046915,0.4941629543196662,0.6253007015861975
24.3,0.5514400205787015,0.11522664608796514,0.08126075630448981,0.08126075630448981,0.5514400205787015,0.5854059103621769
24.400000000000002,0.5991530409509054,0.06751362571576125,0.13220900821769843,0.13220900821769843,0.5991530409509054,0.5344576584489682
24.5,0.6352097846935969,0.0314568819730698,0.19197662417085476,0.19197662417085476,0.6352097846935969,0.4746900424958119
24.6,0.6580291524097782,0.008637514256888449,0.2579427756660254,0.2579427756660254,0.6580291524097782,0.40872389100064127
24.700000000000003,0.6666105077471101,5.615891955660738e-05,0.32721482649913236,0.32721482649913236,0.6666105077471101,0.33945184016753427
24.8,0.6605775556123331,0.006089111054333481,0.3967551757547235,0.3967551757547235,0.6605775556123331,0.2699114909119431
24.900000000000002,0.6401948428278251,0.0264718238388415,0.46351445754830156,0.46351445754830156,0.6401948428278251,0.20315220911836507
25.0,0.6063561576713821,0.06031050899528456,0.5245652566661965,0.5245652566661965,0.6063561576713821,0.14210141000047016
25.1,0.5605453369830118,0.1061213296836548,0.5772304766306864,0.5772304766306864,0.5605453369830118,0.08943619003598031
25.200000000000003,0.5047711994592448,0.1618954672074219,0.6192007312109247,0.6192007312109247,0.5047711994592448,0.04746593545574192
25.3,0.44147945833021046,0.22518720833645625,0.6486356117254676,0.6486356117254676,0.44147945833021046,0.01803105494119909
25.400000000000002,0.3734454760758981,0.29322119059076857,0.6642443895338042,0.6642443895338042,0.3734454760758981,0.002422277132862434
25.5,0.30365256392056245,0.36301410274610424,0.665342614887595,0.665342614887595,0.30365256392056245,0.0013240517790716146
25.6,0.2351611627101932,0.4315055039564735,0.6518821302644349,0.6518821302644349,0.2351611627101932,0.014784536402231799
25.700000000000003,0.1709746416321477,0.495692025034519,0.6244531820901476,0.6244531820901476,0.1709746416321477,0.04221348457651897
25.8,0.11390759954471726,0.5527590671219493,0.5842585382499349,0.5842585382499349,0.11390759954471726,0.08240812841673173
25.900000000000002,0.06646244394417418,0.6002042227224924,0.5330607463435415,0.5330607463435415,0.06646244394417418,0.13360592032312513
26.0,0.030719659619877288,0.6359470070467893,0.4731048454263098,0.4731048454263098,0.030719659619877288,0.19356182124035684
26.1,0.00824657875094555,0.658420087915721,0.40701992035024903,0.40701992035024903,0.00824657875094555,0.2596467463164176
26.200000000000003,2.865290405718035e-05,0.6666380137626094,0.3377038155777999,0.3377038155777999,2.865290405718035e-05,0.32896285108886675
26.3,0.006426240676589257,0.6602404259900774,0.26819606380331656,0.26819606380331656,0.006426240676589257,0.39847060286335007
26.400000000000002,0.02715880586034758,0.639507860806319,0.2015446015016437,0.2015446015016437,0.02715880586034758,0.46512206516502286
26.5,0.0613172190413123,0.6053494476253543,0.14067211596828794,0.14067211596828794,0.0613172190413123,0.5259945506983786
26.6,0.10740362320643104,0.5592630434602356,0.08824788457497675,0.08824788457497675,0.10740362320643104,0.5784187820916898
26.700000000000003,0.16339711523823824,0.5032695514284283,0.04657072612896403,0.04657072612896403,0.16339711523823824,0.6200959405377026
26.8,0.22684236314338851,0.4398243035232781,0.017468196955297145,0.017468196955297145,0.22684236314338851,0.6491984697113695
26.900000000000002,0.2949572731221461,0.3717093935445205,0.002216451985102378,0.002216451985102378,0.2949572731221461,0.6644502146815642
27.0,0.36475498524443767,0.3019116814222289,0.001484284966024448,0.001484284966024448,0.36475498524443767,0.6651823817006421
27.1,0.4331748481842337,0.2334918184824329,0.015303801648949436,0.015303801648949436,0.4331748481842337,0.6513628650177172
27.200000000000003,0.4972166297295306,0.16945003693713595,0.04306901194087002,0.04306901194087002,0.4972166297295306,0.6235976547257966
27.3,0.5540720778954428,0.11259458877122377,0.08356240275842663,0.08356240275842663,0.5540720778954428,0.58310426390824
27.400000000000002,0.6012480636447877,0.06541860302187899,0.13500832635425414,0.13500832635425414,0.6012480636447877,0.5316583403124124
27.5,0.6366759053696718,0.02999076129699485,0.19515086302146661,0.19515086302146661,0.6366759053696718,0.47151580364520007
27.6,0.6588020812216453,0.007864585445021333,0.2613527438725244,0.2613527438725244,0.6588020812216453,0.4053139227941423
27.700000000000003,0.6666563515266262,1.031514004046219e-05,0.3307109958979785,0.3307109958979785,0.6666563515266262,0.3359556707686882
27.8,0.659894304095547,0.006772362571119646,0.40018423823335497,0.40018423823335497,0.659894304095547,0.2664824284333117
27.900000000000002,0.6388124568056749,0.02785420986099174,0.46672604765342274,0.46672604765342274,0.6388124568056749,0.19994061901324392
28.0,0.6043352551997212,0.06233141146694543,0.5274185451755427,0.5274185451755427,0.6043352551997212,0.139248121491124
28.1,0.5579745352620541,0.10869213140461254,0.5796003459581077,0.5796003459581077,0.5579745352620541,0.08706632070855898
28.200000000000003,0.5017632289418512,0.16490343772481553,0.6209832618513409,0.6209832618513409,0.5017632289418512,0.045683404815325734
28.3,0.4381662194565643,0.22850044721010243,0.6497526391574009,0.6497526391574009,0.4381662194565643,0.016914027509265774
28.400000000000002,0.3699722553982908,0.29669441126837587,0.6646469317578909,0.6646469317578909,0.3699722553982908,0.0020197349087756424
28.5,0.3001716632430114,0.36649500342365526,0.6650130203024507,0.6650130203024507,0.3001716632430114,0.0016536463642158328
28.6,0.23182522060709548,0.4348414460595712,0.65083485169485,0.65083485169485,0.23182522060709548,0.01583181497181666
28.700000000000003,0.16792994019944613,0.49873672646722056,0.6227341430262363,0.6227341430262363,0.16792994019944613,0.04393252364043032
28.8,0.11128764988462661,0.55537901678204,0.5819431190878523,0.5819431190878523,0.11128764988462661,0.08472354757881428
28.900000000000002,0.06438213166193088,0.6022845350047358,0.5302504789317288,0.5302504789317288,0.06438213166193088,0.13641618773493772
29.0,0.02927020705431745,0.6373964596123491,0.4699229608624483,0.4699229608624483,0.02927020705431745,0.19674370580421835
29.1,0.007491544846652154,0.6591751218200145,0.40360594525940324,0.40360594525940324,0.007491544846652154,0.2630607214072634
29.200000000000003,1.1461319256259963e-06,0.6666655205347409,0.3342074538266312,0.3342074538266312,1.1461319256259963e-06,0.3324592128400354
29.3,0.007127467217108996,0.6595391994495576,0.2647706319390982,0.2647706319390982,0.007127467217108996,0.4018960347275684
29.400000000000002,0.02855801671221425,0.6381086499544524,0.19834030577410072,0.19834030577410072,0.02855801671221425,0.4683263608925659
29.5,0.06335305837467209,0.6033136082919945,0.13782946573896376,0.13782946573896376,0.06335305837467209,0.5288372009277028
29.6,0.10998681883505075,0.5566798478316158,0.08589153093814472,0.08589153093814472,0.10998681883505075,0.5807751357285219
29.700000000000003,0.16641439323256163,0.5002522734341049,0.04480399592247989,0.04480399592247989,0.16641439323256163,0.6218626707441867
29.8,0.230161414927482,0.43650525173918464,0.016368561846709834,0.016368561846709834,0.230161414927482,0.6502981048199568
29.900000000000002,0.2984325572457943,0.3682341094208722,0.001832131315001928,0.001832131315001928,0.2984325572457943,0.6648345353516647
30.0,0.3682341094208722,0.2984325572457943,0.001832131315001928,0.001832131315001928,0.3682341094208722,0.6648345353516647
30.1,0.4365052517391824,0.2301614149274842,0.016368561846709095,0.016368561846709095,0.4365052517391824,0.6502981048199575
30.200000000000003,0.5002522734341028,0.16641439323256368,0.044803995922478704,0.044803995922478704,0.5002522734341028,0.621862670744188
30.3,0.5566798478316141,0.10998681883505253,0.08589153093814313,0.08589153093814313,0.5566798478316141,0.5807751357285236
30.400000000000002,0.6033136082919932,0.06335305837467345,0.13782946573896185,0.13782946573896185,0.6033136082919932,0.5288372009277048
30.5,0.6381086499544514,0.028558016712215212,0.19834030577409856,0.19834030577409856,0.6381086499544514,0.4683263608925681
30.6,0.6595391994495576,0.007127467217108996,0.2647706319390982,0.2647706319390982,0.6595391994495576,0.40189603472756846
30.700000000000003,0.6666655205347409,1.1461319256259963e-06,0.3342074538266312,0.3342074538266312,0.6666655205347409,0.3324592128400355
30.8,0.6591751218200145,0.007491544846652154,0.40360594525940324,0.40360594525940324,0.6591751218200145,0.26306072140726344
30.900000000000002,0.6373964596123491,0.02927020705431745,0.4699229608624483,0.4699229608624483,0.6373964596123491,0.19674370580421843
31.0,0.6022845350047358,0.06438213166193088,0.5302504789317288,0.5302504789317288,0.6022845350047358,0.1364161877349378
31.1,0.55537901678204,0.11128764988462661,0.5819431190878523,0.5819431190878523,0.55537901678204,0.08472354757881435
31.200000000000003,0.49873672646722056,0.16792994019944613,0.6227341430262363,0.6227341430262363,0.49873672646722056,0.043932523640430356
31.3,0.4348414460595734,0.2318252206070932,0.6508348516948492,0.6508348516948492,0.4348414460595734,0.015831814971817404
31.400000000000002,0.3664950034236576,0.30017166324300903,0.6650130203024506,0.6650130203024506,0.3664950034236576,0.0016536463642160917
31.5,0.2966944112683782,0.3699722553982885,0.6646469317578912,0.6646469317578912,0.2966944112683782,0.0020197349087753835
31.6,0.22850044721010465,0.4381662194565621,0.6497526391574017,0.6497526391574017,0.22850044721010465,0.016914027509264996
31.700000000000003,0.16490343772481755,0.5017632289418491,0.6209832618513421,0.6209832618513421,0.16490343772481755,0.04568340481532447
31.8,0.10869213140461427,0.5579745352620524,0.5796003459581093,0.5796003459581093,0.10869213140461427,0.08706632070855731
31.900000000000002,0.0623314114669468,0.6043352551997199,0.5274185451755447,0.5274185451755447,0.0623314114669468,0.139248121491122
32.0,0.027854209860992702,0.638812456805674,0.46672604765342485,0.46672604765342485,0.027854209860992702,0.1999406190132417
32.1,0.006772362571120127,0.6598943040955465,0.40018423823335725,0.40018423823335725,0.006772362571120127,0.2664824284333093
32.2,1.031514004046219e-05,0.6666563515266262,0.33071099589798086,0.33071099589798086,1.031514004046219e-05,0.33595567076868577
32.300000000000004,0.007864585445020814,0.6588020812216457,0.2613527438725267,0.2613527438725267,0.007864585445020814,0.40531392279413986
32.4,0.029990761296993886,0.6366759053696727,0.1951508630214688,0.1951508630214688,0.029990761296993886,0.47151580364519785
32.5,0.06541860302187615,0.6012480636447904,0.13500832635425797,0.13500832635425797,0.06541860302187615,0.5316583403124087
32.6,0.11259458877122022,0.5540720778954463,0.08356240275842974,0.08356240275842974,0.11259458877122022,0.5831042639082369
32.7,0.16945003693713184,0.49721662972953473,0.043069011940872315,0.043069011940872315,0.16945003693713184,0.6235976547257943
32.800000000000004,0.2334918184824284,0.4331748481842382,0.015303801648950843,0.015303801648950843,0.2334918184824284,0.6513628650177158
32.9,0.3019116814222242,0.3647549852444424,0.001484284966024929,0.001484284966024929,0.3019116814222242,0.6651823817006417
33.0,0.3717093935445205,0.2949572731221461,0.002216451985102378,0.002216451985102378,0.3717093935445205,0.6644502146815643
33.1,0.4398243035232781,0.22684236314338851,0.017468196955297145,0.017468196955297145,0.4398243035232781,0.6491984697113695
33.2,0.5032695514284283,0.16339711523823824,0.04657072612896403,0.04657072612896403,0.5032695514284283,0.6200959405377026
33.300000000000004,0.5592630434602356,0.10740362320643104,0.08824788457497675,0.08824788457497675,0.5592630434602356,0.5784187820916898
33.4,0.6053494476253543,0.0613172190413123,0.14067211596828794,0.14067211596828794,0.6053494476253543,0.5259945506983787
33.5,0.639507860806319,0.02715880586034758,0.2015446015016437,0.2015446015016437,0.639507860806319,0.465122065165023
33.6,0.6602404259900774,0.006426240676589257,0.26819606380331656,0.26819606380331656,0.6602404259900774,0.3984706028633501
33.7,0.6666380137626096,2.8652904057143342e-05,0.3377038155777975,0.3377038155777975,0.6666380137626096,0.3289628510888692
33.800000000000004,0.6584200879157216,0.008246578750945033,0.4070199203502467,0.4070199203502467,0.6584200879157216,0.25964674631641993
33.9,0.6359470070467903,0.03071965961987629,0.47310484542630765,0.47310484542630765,0.6359470070467903,0.19356182124035906
34.0,0.600204222722494,0.06646244394417274,0.5330607463435395,0.5330607463435395,0.600204222722494,0.13360592032312707
34.1,0.5527590671219512,0.11390759954471548,0.5842585382499333,0.5842585382499333,0.5527590671219512,0.08240812841673331
34.2,0.49569202503452103,0.17097464163214562,0.6244531820901464,0.6244531820901464,0.49569202503452103,0.04221348457652015
34.300000000000004,0.4315055039564758,0.23516116271019089,0.6518821302644341,0.6518821302644341,0.4315055039564758,0.014784536402232502
34.4,0.36301410274610657,0.3036525639205601,0.6653426148875948,0.6653426148875948,0.36301410274610657,0.0013240517790718367
34.5,0.2932211905907709,0.37344547607589573,0.6642443895338045,0.6642443895338045,0.2932211905907709,0.0024222771328621384
34.6,0.22518720833645847,0.4414794583302082,0.6486356117254684,0.6486356117254684,0.22518720833645847,0.018031054941198277
34.7,0.16189546720742393,0.5047711994592428,0.619200731210926,0.619200731210926,0.16189546720742393,0.04746593545574063
34.800000000000004,0.1061213296836565,0.5605453369830101,0.5772304766306879,0.5772304766306879,0.1061213296836565,0.08943619003597865
34.9,0.06031050899528593,0.6063561576713807,0.5245652566661985,0.5245652566661985,0.06031050899528593,0.14210141000046816
35.0,0.02647182383884335,0.6401948428278232,0.463514457548306,0.463514457548306,0.02647182383884335,0.20315220911836063
35.1,0.006089111054334406,0.6605775556123322,0.3967551757547282,0.3967551757547282,0.006089111054334406,0.2699114909119384
35.2,5.615891955653336e-05,0.6666105077471101,0.32721482649913713,0.32721482649913713,5.615891955653336e-05,0.3394518401675295
35.300000000000004,0.008637514256887375,0.6580291524097792,0.25794277566603,0.25794277566603,0.008637514256887375,0.40872389100063655
35.4,0.0314568819730698,0.6352097846935969,0.19197662417085476,0.19197662417085476,0.0314568819730698,0.47469004249581187
35.5,0.06751362571576125,0.5991530409509054,0.13220900821769843,0.13220900821769843,0.06751362571576125,0.5344576584489682
35.6,0.11522664608796514,0.5514400205787015,0.08126075630448981,0.08126075630448981,0.11522664608796514,0.5854059103621768
35.7,0.17250371234700038,0.4941629543196662,0.04136596508046915,0.04136596508046915,0.17250371234700038,0.6253007015861974
35.800000000000004,0.23683320737152572,0.42983345929514094,0.014274033515154733,0.014274033515154733,0.23683320737152572,0.6523926331515119
35.9,0.30539426285134985,0.36127240381531667,0.0011729512109106184,0.0011729512109106184,0.30539426285134985,0.6654937154557561
36.0,0.375180455237795,0.29148621142887166,0.00263720469039889,0.00263720469039889,0.375180455237795,0.6640294619762678
36.1,0.4431316383488213,0.22353502831784536,0.018602585984369997,0.018602585984369997,0.4431316383488213,0.6480640806822966
36.2,0.5062681317282894,0.16039853493837714,0.04836900817102992,0.04836900817102992,0.5062681317282894,0.6182976584956368
36.300000000000004,0.5618213805581826,0.10484528610848398,0.09063120440470995,0.09063120440470995,0.5618213805581826,0.5760354622619568
36.4,0.6073553576461116,0.059311309020554995,0.14353596427190968,0.14353596427190968,0.6073553576461116,0.5231307023947569
36.5,0.6408733839732943,0.025793282693372332,0.20476339764274765,0.20476339764274765,0.6408733839732943,0.4619032690239191
36.6,0.6609056836888483,0.005760982977818315,0.27162866257272694,0.27162866257272694,0.6609056836888483,0.39503800409393974
36.7,0.6665738342367391,9.283242992756216e-05,0.3411996964547712,0.3411996964547712,0.6665738342367391,0.3254669702118954
36.800000000000004,0.657629285457326,0.009037381209340537,0.41042578787399564,0.41042578787399564,0.657629285457326,0.2562408787926711
36.9,0.634464258588957,0.0322024080777095,0.47627135124950215,0.47627135124950215,0.634464258588957,0.1903953154171645
37.0,0.5980945472450097,0.068572119421657,0.5358490382036635,0.5358490382036635,0.5980945472450097,0.13081762846300318
37.1,0.5501149745488709,0.11655169211779566,0.5865463486840633,0.5865463486840633,0.5501149745488709,0.0801203179826034
37.2,0.49262945964530447,0.1740372070213622,0.6261401899011255,0.6261401899011255,0.49262945964530447,0.04052647676554111
37.300000000000004,0.42815876019336946,0.23850790647329723,0.6528943596364841,0.6528943596364841,0.42815876019336946,0.013772307030182543
37.4,0.3595299363611971,0.3071367303054695,0.6656356792487836,0.6656356792487836,0.3595299363611971,0.0010309874178829892
37.5,0.2897523833607361,0.3769142833059306,0.663805437920993,0.663805437920993,0.2897523833607361,0.0028612287456736274
37.6,0.2218858685342706,0.444780798132396,0.6474838923030298,0.6474838923030298,0.2218858685342706,0.019182774363636763
37.7,0.1589063596074003,0.5077603070592663,0.6173867472327683,0.6173867472327683,0.1589063596074003,0.049279919433898235
37.800000000000004,0.10357552758119948,0.5630911390854672,0.5748337718569017,0.5748337718569017,0.10357552758119948,0.09183289480976493
37.9,0.05831964660223502,0.6083470200644316,0.5216909273445131,0.5216909273445131,0.05831964660223502,0.14497573932215352
38.0,0.025123201088648517,0.6415434655780181,0.4602885439110209,0.4602885439110209,0.025123201088648517,0.20637812275564565
38.1,0.005441865472900005,0.6612248011937667,0.3933191351154344,0.3933191351154344,0.005441865472900005,0.27334753155123215
38.2,0.0001386724263875057,0.6665279942402791,0.32371933030563965,0.32371933030563965,0.0001386724263875057,0.3429473363610269
38.300000000000004,0.009446168609115624,0.657220498057551,0.25454110251062734,0.25454110251062734,0.009446168609115624,0.4121255641560392
38.400000000000006,0.03295621742652417,0.6337104492401424,0.18881793847652767,0.18881793847652767,0.03295621742652417,0.47784872819013896
38.5,0.06963789594575331,0.5970287707209133,0.1294318193318822,0.1294318193318822,0.06963789594575331,0.5372348473347844
38.6,0.11788270118601532,0.5487839654806512,0.07898684482124048,0.07898684482124048,0.11788270118601532,0.5876798218454261
38.7,0.17557508347321882,0.4910915831934478,0.03969504272363644,0.03969504272363644,0.17557508347321882,0.6269716239430301
38.800000000000004,0.24018521394936682,0.42648145271729976,0.013279370748363235,0.013279370748363235,0.24018521394936682,0.6533872959183034
38.900000000000006,0.3088799183526686,0.35778674831399804,0.0008981643050030759,0.0008981643050030759,0.3088799183526686,0.6657685023616635
39.0,0.3786469125876971,0.28801975407896946,0.003094343136431236,0.003094343136431236,0.3786469125876971,0.6635723235302354
39.1,0.4464268923173072,0.22023977434935943,0.019771604119691033,0.019771604119691033,0.4464268923173072,0.6468950625469756
39.2,0.5092476844067374,0.15741898225992917,0.050198644187806285,0.050198644187806285,0.5092476844067374,0.6164680224788603
39.300000000000004,0.5643545776374617,0.102312089029205,0.09304122819609961,0.09304122819609961,0.5643545776374617,0.573625438470567
39.400000000000006,0.6093311176485622,0.05733554901810448,0.14642069554713247,0.14642069554713247,0.6093311176485622,0.5202459711195342
39.5,0.6422050692099787,0.02446159745668793,0.20799634004061499,0.20799634004061499,0.6422050692099787,0.45867032662605167
39.6,0.6615348993490833,0.005131767317583394,0.27506805056631634,0.27506805056631634,0.6615348993490833,0.3915986161003504
39.7,0.6664729890186566,0.00019367764801003773,0.34469471181375344,0.34469471181375344,0.6664729890186566,0.32197195485291324
39.800000000000004,0.6568028014550187,0.00986386521164791,0.41382317309081484,0.41382317309081484,0.6568028014550187,0.2528434935758519
39.900000000000006,0.6329483773822803,0.03371828928438636,0.47942212992861877,0.47942212992861877,0.6329483773822803,0.18724453673804792
40.0,0.5959557406950637,0.07071092597160296,0.5386150477227072,0.5386150477227072,0.5959557406950637,0.12805161894395956
40.1,0.5474470299862741,0.1192196366803924,0.5888062986676784,0.5888062986676784,0.5474470299862741,0.07786036799898824
40.2,0.489549367266655,0.17711729940001164,0.6277949808415519,0.6277949808415519,0.489549367266655,0.03887168582511472
40.300000000000004,0.4248015830048325,0.24186508366183418,0.6538714284377115,0.6538714284377115,0.4248015830048325,0.012795238228955156
40.400000000000006,0.35604288762380487,0.31062377904286187,0.6658921811408143,0.6658921811408143,0.35604288762380487,0.000774485525852427
40.5,0.28628837124321643,0.38037829542345025,0.6633301252163009,0.6633301252163009,0.28628837124321643,0.0033365414503658077
40.6,0.21859679104242496,0.4480698756242417,0.6462976076111455,0.6462976076111455,0.21859679104242496,0.020369059055521034
40.7,0.15593644380943383,0.5107302228572328,0.6155415095053863,0.6155415095053863,0.15593644380943383,0.0511251571612803
40.800000000000004,0.10105500520604851,0.5656116614606181,0.5724104953407163,0.5724104953407163,0.10105500520604851,0.09425617132595021
40.900000000000006,0.056359043337847504,0.6103076233288192,0.5187958734663953,0.5187958734663953,0.056359043337847504,0.1478707932002713
41.0,0.023808489996296922,0.6428581766703698,0.4570486616814978,0.4570486616814978,0.023808489996296922,0.20961800498516872
41.1,0.004830697041773709,0.6618359696248929,0.3898764943751994,0.3898764943751994,0.004830697041773709,0.27679017229146724
41.2,0.00025784658176023856,0.6664088200849064,0.3202248919189711,0.3202248919189711,0.00025784658176023856,0.34644177474769555
41.300000000000004,0.010290459527309484,0.6563762071393572,0.2511480986846662,0.2511480986846662,0.010290459527309484,0.4155185679820004
41.400000000000006,0.03448860268889893,0.6321780639777677,0.18567515348146546,0.18567515348146546,0.03448860268889893,0.48099151318520117
41.5,0.07179117998324705,0.5948754866834196,0.12667706526456396,0.12667706526456396,0.07179117998324705,0.5399896014021026
41.6,0.12056246182569026,0.5461042048409763,0.07674091850197251,0.07674091850197251,0.12056246182569026,0.5899257481646941
41.7,0.17866381237983192,0.4880028542868347,0.038056428718147586,0.038056428718147586,0.17866381237983192,0.628610237948519
41.800000000000004,0.24354746940231833,0.42311919726434827,0.012319922789050326,0.012319922789050326,0.24354746940231833,0.6543467438776163
41.900000000000006,0.3123682644074608,0.3542984022592058,0.0006599544824782791,0.0006599544824782791,0.3123682644074608,0.6660067121841884
42.0,0.38210838418783166,0.28455828247883497,0.0035878170252988673,0.0035878170252988673,0.38210838418783166,0.6630788496413678
42.1,0.44970970285945794,0.21695696380720864,0.02097512273686127,0.02097512273686127,0.44970970285945794,0.6456915439298054
42.2,0.5122078816303872,0.15445878503627936,0.05205943286861543,0.05205943286861543,0.5122078816303872,0.6146072337980512
42.300000000000004,0.5668623559761758,0.09980431069049074,0.09547769077972512,0.09547769077972512,0.5668623559761758,0.5711889758869415
42.400000000000006,0.6112765102443395,0.05539015642232714,0.14932599239355387,0.14932599239355387,0.6112765102443395,0.5173406742731128
42.5,0.6435027699940832,0.02316389667258345,0.21124307298196793,0.21124307298196793,0.6435027699940832,0.4554235936846987
42.6,0.6621280037396182,0.004538662927048372,0.2785138493560688,0.2785138493560688,0.6621280037396182,0.3881528173105978
42.7,0.6663354892041311,0.0003311774625354887,0.34818847710618084,0.34818847710618084,0.6663354892041311,0.31847818956048585
42.800000000000004,0.655940726844948,0.010725939821718728,0.4172117021941627,0.4172117021941627,0.655940726844948,0.24945496447250393
42.900000000000006,0.6313995302157092,0.03526713645095747,0.48255683479067024,0.48255683479067024,0.6313995302157092,0.1841098318759964
43.0,0.5937880384006593,0.07287862826600733,0.5413584705629559,0.5413584705629559,0.5937880384006593,0.12530819610371072
43.1,0.5447555269820121,0.12191113968465457,0.5910381395436399,0.5910381395436399,0.5447555269820121,0.07562852712302673
43.2,0.48645208679410745,0.18021457987255923,0.6294173728385553,0.6294173728385553,0.48645208679410745,0.037249293828111485
43.300000000000004,0.42143434177342254,0.24523232489324412,0.6548132291634621,0.6548132291634621,0.42143434177342254,0.011853437503204592
43.400000000000006,0.3525533402059578,0.3141133264607089,0.6661120923413676,0.6661120923413676,0.3525533402059578,0.0005545743252990398
43.5,0.2828295353755734,0.3838371312910933,0.662818503717302,0.662818503717302,0.2828295353755734,0.0038481629493646308
43.6,0.2153203377506246,0.4513463289160421,0.6450768881740175,0.6450768881740175,0.2153203377506246,0.021589778492649127
43.7,0.15298604658659368,0.513680620080073,0.613665221056083,0.613665221056083,0.15298604658659368,0.05300144561058354
43.800000000000004,0.09856003988552793,0.5681066267811388,0.5699609137097166,0.5699609137097166,0.09856003988552793,0.09670575295694994
43.900000000000006,0.054428914922825866,0.6122377517438409,0.5158804135680161,0.5158804135680161,0.054428914922825866,0.15078625309865057
44.0,0.02252783521644941,0.6441388314502172,0.45379516733658415,0.45379516733658415,0.02252783521644941,0.21287149933008243
44.1,0.004255673006423044,0.6624109936602436,0.38642763231992655,0.38642763231992655,0.004255673006423044,0.2802390343467401
44.2,0.0004136682732142812,0.6662529983934523,0.31673189582421174,0.31673189582421174,0.0004136682732142812,0.34993477084245483
44.300000000000004,0.011170294116066107,0.6554963725506004,0.24776413751261367,0.24776413751261367,0.011170294116066107,0.4189025291540529
44.400000000000006,0.036053869155338925,0.6306127975113277,0.18254861497913255,0.18254861497913255,0.036053869155338925,0.4841180516875341
44.5,0.07397324090731135,0.5926934257593552,0.12394504911505033,0.12394504911505033,0.07397324090731135,0.5427216175516163
44.6,0.12326563315903916,0.5434010335076275,0.07452322446083592,0.07452322446083592,0.12326563315903916,0.5921434422058307
44.7,0.18176955922104332,0.4848971074456233,0.036450303356963934,0.036450303356963934,0.18176955922104332,0.6302163633097027
44.800000000000004,0.2469196037890818,0.41974706287758484,0.011395795203086607,0.011395795203086607,0.2469196037890818,0.65527087146358
44.900000000000006,0.3158589172009668,0.3508077494656998,0.00045834795301972575,0.00045834795301972575,0.3158589172009668,0.6662083187136469
45.0,0.3855644891803736,0.28110217748629296,0.004117572061195414,0.004117572061195414,0.3855644891803736,0.6625490946054713
45.1,0.45297970877511756,0.213686957891549,0.022213009415472402,0.022213009415472402,0.45297970877511756,0.6444536572511943
45.2,0.5151483976954944,0.15151826897117218,0.05395116947512579,0.05395116947512579,0.5151483976954944,0.6127154971915408
45.300000000000004,0.5693444396491982,0.09732222701746829,0.0979403240771692,0.0979403240771692,0.5693444396491982,0.5687263425894975
45.400000000000006,0.6131913213863363,0.05347534528033041,0.15225153514799283,0.15225153514799283,0.6131913213863363,0.5144151315186738
45.5,0.6447663435425521,0.021900323124114496,0.2145032392361909,0.2145032392361909,0.6447663435425521,0.4521634274304758
45.6,0.6626849316025308,0.003981735064135794,0.2819656798086079,0.2819656798086079,0.6626849316025308,0.3847009868580587
45.7,0.6661613499219541,0.0005053167447125843,0.35168060792101785,0.35168060792101785,0.6661613499219541,0.3149860587456488
45.800000000000004,0.655043156479219,0.011623510187447672,0.420591002351902,0.420591002351902,0.655043156479219,0.24607566431476463
45.900000000000006,0.629817887505369,0.036848779161297654,0.48567512093122245,0.48567512093122245,0.629817887505369,0.1809915457354443
46.0,0.5915916788691414,0.0750749877975252,0.5440790048718449,0.5440790048718449,0.5915916788691414,0.12258766179482172
46.1,0.5420407616760282,0.12462590499063848,0.5932416257475808,0.5932416257475808,0.5420407616760282,0.07342504091908582
46.2,0.4833379590143757,0.18332870765229092,0.63100718738404,0.63100718738404,0.4833379590143757,0.03565947928262662
46.300000000000004,0.4180574069890072,0.24860925967765946,0.6557196581895515,0.6557196581895515,0.4180574069890072,0.010947008477115123
46.400000000000006,0.3490616780545943,0.31760498861207237,0.6662953886541165,0.6662953886541165,0.3490616780545943,0.0003712780125501395
46.5,0.27937625632562346,0.3872904103410433,0.6622706297165425,0.6622706297165425,0.27937625632562346,0.0043960369501241745
46.6,0.21205686915954738,0.45460979750711933,0.6438218683046194,0.6438218683046194,0.21205686915954738,0.02284479836204726
46.7,0.15005549256435252,0.5166111741023142,0.6117580883285945,0.6117580883285945,0.15005549256435252,0.054908578338072125
46.800000000000004,0.09609090613498113,0.5705757605316856,0.5674852964857819,0.5674852964857819,0.09609090613498113,0.09918137018088469
46.900000000000006,0.05252947372479706,0.6141371929418696,0.5129448684307778,0.5129448684307778,0.05252947372479706,0.15372179823588875
47.0,0.021281377656630296,0.6453852890100363,0.4505284188508416,0.4505284188508416,0.021281377656630296,0.21613824781582505
47.1,0.003716856635431013,0.6629498100312357,0.3829729284200412,0.3829729284200412,0.003716856635431013,0.28369373824662536
47.2,0.0006061203560444224,0.6660605463106222,0.3132407263477546,0.3132407263477546,0.0006061203560444224,0.353425940318912
47.300000000000004,0.012085575569192542,0.6545810910974741,0.2443895913239989,0.2443895913239989,0.012085575569192542,0.4222770753426677
47.400000000000006,0.03765184460314515,0.6290148220635214,0.17943866697542893,0.17943866697542893,0.03765184460314515,0.4872279996912377
47.5,0.07618383863075995,0.5904828280359067,0.12123607148084665,0.12123607148084665,0.07618383863075995,0.5454305951858199
47.6,0.1259919177622896,0.540674748904377,0.07233400670564474,0.07233400670564474,0.1259919177622896,0.5943326599610219
47.7,0.18489198227861628,0.4817746843880504,0.03487684335839347,0.03487684335839347,0.18489198227861628,0.6317898233082732
47.800000000000004,0.2503012460814068,0.4163654205852597,0.010507089670121261,0.010507089670121261,0.2503012460814068,0.6561595769965454
47.900000000000006,0.3193514926646265,0.34731517400204015,0.00029336689893374085,0.00029336689893374085,0.3193514926646265,0.666373299767733
48.0,0.3890148472979787,0.2776518193686879,0.004683549956383426,0.004683549956383426,0.3890148472979787,0.6619831167102832
48.1,0.4562365502729982,0.21043011639366843,0.02348512795367848,0.02348512795367848,0.4562365502729982,0.6431815387129882
48.2,0.5180689090637755,0.1485977576028911,0.05587364586386837,0.05587364586386837,0.5180689090637755,0.6107930208027983
48.300000000000004,0.5718005555585172,0.09486611110814946,0.10042885713050057,0.10042885713050057,0.5718005555585172,0.5662378095361661
48.400000000000006,0.6150753403922448,0.05159132627442187,0.15519700191964497,0.15519700191964497,0.6150753403922448,0.5114696647470216
48.5,0.6459956508272666,0.020671015839399898,0.21777648009461847,0.21777648009461847,0.6459956508272666,0.44889018657204827
48.6,0.663205621660317,0.0034610450063495835,0.28542316212689306,0.28542316212689306,0.663205621660317,0.3812435045397736
48.7,0.6659505903322732,0.0007160763343934118,0.3551707200270811,0.3551707200270811,0.6659505903322732,0.3114959466395855
48.800000000000004,0.6541101891154508,0.012556477551215878,0.4239607017473489,0.4239607017473489,0.6541101891154508,0.24270596491931773
48.900000000000006,0.6282036232757974,0.038463043390869256,0.4887766452523679,0.4887766452523679,0.6282036232757974,0.17789002141429877
49.0,0.5893669037609366,0.07729976290573004,0.5467763513151933,0.5467763513151933,0.5893669037609366,0.11989031535147339
49.1,0.5393030327677534,0.1273636338989133,0.5954165148349432,0.5954165148349432,0.5393030327677534,0.07125015183172348
49.2,0.48020732656783227,0.18645934009883436,0.6325642495543405,0.6325642495543405,0.48020732656783227,0.03410241711232609
49.300000000000004,0.41467115020801826,0.25199551645864837,0.6565906157836616,0.6565906157836616,0.41467115020801826,0.010076050883005042
49.400000000000006,0.3455682853493366,0.3210983813173301,0.6664420499113857,0.6664420499113857,0.3455682853493366,0.0002246167552809967
49.5,0.27592891404978365,0.390737752616883,0.6616865634953488,0.6616865634953488,0.27592891404978365,0.004980103171317807
49.6,0.2088067443411986,0.45785992232546807,0.6425326860899248,0.6425326860899248,0.2088067443411986,0.02413398057674191
49.7,0.14714510418488502,0.5195215624817816,0.6098203211603846,0.6098203211603846,0.14714510418488502,0.056846345506282016
49.800000000000004,0.09364787562756267,0.573018791039104,0.5649839160554286,0.5649839160554286,0.09364787562756267,0.101682750611238
49.900000000000006,0.050660928734943614,0.616005737931723,0.5099895610460164,0.5099895610460164,0.050660928734943614,0.15667710562065013
50.0,0.020069254461720216,0.6465974122049465,0.44724877565715027,0.44724877565715027,0.020069254461720216,0.21941789100951636
50.1,0.0032143072135332553,0.6634523594531334,0.3795127627887289,0.3795127627887289,0.0032143072135332553,0.2871539038779377
50.2,0.0008351816551871819,0.6658314850114795,0.3097517676150093,0.3097517676150093,0.0008351816551871819,0.3569148990516573
50.300000000000004,0.01303620318035951,0.653630463486307,0.24102483141243738,0.24102483141243738,0.01303620318035951,0.4256418352542293
50.400000000000006,0.039282353210726186,0.6273843134559405,0.17634565165083563,0.17634565165083563,0.039282353210726186,0.4903210150158309
50.5,0.07842272992657054,0.5882439367400961,0.11855043042457943,0.11855043042457943,0.07842272992657054,0.5481162362420872
50.6,0.1287410156685579,0.5379256509981087,0.07017350611104103,0.07017350611104103,0.1287410156685579,0.5964931605556255
50.7,0.18803073799945547,0.47863592866721116,0.03333622184665511,0.03333622184665511,0.18803073799945547,0.6333304448200116
50.800000000000004,0.2536920242048963,0.4129746424617703,0.009653903972399364,0.009653903972399364,0.2536920242048963,0.6570127626942672
50.900000000000006,0.3228456065183184,0.34382106014834823,0.00016502947270987295,0.00016502947270987295,0.3228456065183184,0.6665016371939567
51.0,0.39245907890560394,0.27420758776106263,0.005285688437604463,0.005285688437604463,0.39245907890560394,0.6613809782290622
51.1,0.4594798690102496,0.20718679765641695,0.024791338383174932,0.024791338383174932,0.4594798690102496,0.6418753282834917
51.2,0.5209690943980301,0.14569757226863647,0.0578266505091537,0.0578266505091537,0.5209690943980301,0.6088400161575129
51.300000000000004,0.5742304334633045,0.09243623320336214,0.10294301613210688,0.10294301613210688,0.5742304334633045,0.5637236505345598
51.400000000000006,0.6169283599677537,0.049738306698912806,0.15816206862552395,0.15816206862552395,0.6169283599677537,0.5085045980411427
51.5,0.6471905565903522,0.01947611007631448,0.2210624354100293,0.2210624354100293,0.6471905565903522,0.44560423125663734
51.6,0.6636900166226383,0.0029766500440283616,0.2888859158920357,0.2888859158920357,0.6636900166226383,0.37778075077463097
51.7,0.6657032336244855,0.0009634330421811239,0.35865842941529624,0.35865842941529624,0.6657032336244855,0.3080082372513704
51.800000000000004,0.6531419274059144,0.013524739260752261,0.427320429620165,0.427320429620165,0.6531419274059144,0.23934623704650165
51.900000000000006,0.6265569151408055,0.04010975152586116,0.4918610665004602,0.4918610665004602,0.6265569151408055,0.17480560016620644
52.0,0.5871139578629754,0.07955270880369121,0.5494502131101242,0.5494502131101242,0.5871139578629754,0.11721645355654242
52.1,0.5365426414832547,0.13012402518341196,0.5975625675076415,0.5975625675076415,0.5365426414832547,0.06910409915902516
52.2,0.47706053391082437,0.18960613275584232,0.6340883880294577,0.6340883880294577,0.47706053391082437,0.03257827863720897
52.300000000000004,0.4112759440125654,0.25539072265410123,0.6574260061163149,0.6574260061163149,0.4112759440125654,0.009240660550351776
52.400000000000006,0.3420735464602157,0.3245931202064509,0.6665520599763715,0.6665520599763715,0.3420735464602157,0.00011460669029517145
52.5,0.27248788785125677,0.39417877881540986,0.6610663693171943,0.6610663693171943,0.27248788785125677,0.005600297349472279
52.6,0.2055703208993943,0.4610963457672724,0.6412094833757103,0.6412094833757103,0.2055703208993943,0.025457183290956288
52.7,0.14425520167158226,0.5224114649950844,0.6078521327595522,0.6078521327595522,0.14425520167158226,0.058814533907114365
52.800000000000004,0.09123121716434368,0.5754354495023231,0.5624570476398365,0.5624570476398365,0.09123121716434368,0.10420961902683001
52.900000000000006,0.04882348554500622,0.6178431811216605,0.5070148165794583,0.5070148165794583,0.04882348554500622,0.15965185008720817
53.0,0.01889159899887279,0.6477750676677939,0.443956598607179,0.443956598607179,0.01889159899887279,0.22271006805948756
53.1,0.002748080035097744,0.6639185866315689,0.3760475161401309,0.3760475161401309,0.002748080035097744,0.2906191505265357
53.2,0.0011008269675497617,0.6655658396991169,0.3062654035081565,0.3062654035081565,0.0011008269675497617,0.3604012631585101
53.300000000000004,0.014022072354176665,0.65264459431249,0.23767022799479634,0.23767022799479634,0.014022072354176665,0.4289964386718702
53.400000000000006,0.040945215576934646,0.625721451089732,0.17326990932278225,0.17326990932278225,0.040945215576934646,0.49339675734388433
53.5,0.08068966845463461,0.585976998212032,0.11588842144121547,0.11588842144121547,0.08068966845463461,0.550778245225451
53.6,0.13151262440087555,0.535154042265791,0.06804196039197422,0.06804196039197422,0.13151262440087555,0.5986247062746923
53.7,0.19118548103343236,0.4754811856332342,0.03182860833281753,0.03182860833281753,0.19118548103343236,0.6348380583338491
53.800000000000004,0.2570915650799719,0.4095751015866947,0.008836331983995988,0.008836331983995988,0.2570915650799719,0.6578303346826706
53.900000000000006,0.3263408743126699,0.3403257923539967,7.334979502212254e-05,7.334979502212254e-05,0.3263408743126699,0.6665933168716445
54.0,0.39589680504230623,0.27076986162436034,0.005923921252935652,0.005923921252935652,0.39589680504230623,0.6607427454137309
54.1,0.4627093081319136,0.20395735853475308,0.02613149698460926,0.02613149698460926,0.4627093081319136,0.6405351696820574
54.2,0.5238486345974811,0.14281803206918547,0.059809968526335355,0.059809968526335355,0.5238486345974811,0.6068566981403314
54.300000000000004,0.5766338060096369,0.09003286065702971,0.1054825244548078,0.1054825244548078,0.5766338060096369,0.5611841422118589
54.400000000000006,0.6187501762293461,0.04791649043732045,0.16114640902610314,0.16114640902610314,0.6187501762293461,0.5055202576405635
54.5,0.6483509293590528,0.018315737307613857,0.22436074363625527,0.22436074363625527,0.6483509293590528,0.44230592303041144
54.6,0.6641380631926217,0.0025286034740449694,0.2923535601051374,0.2923535601051374,0.6641380631926217,0.3743131065615293
54.7,0.6654193070146853,0.0012473596519813426,0.3621433523409546,0.3621433523409546,0.6654193070146853,0.30452331432571206
54.800000000000004,0.6521384778862371,0.014528188780429569,0.43066981630715584,0.43066981630715584,0.6521384778862371,0.2359968503595109
54.900000000000006,0.6248779442839311,0.041788722382735566,0.49492804530366885,0.49492804530366885,0.6248779442839311,0.1717386213629978
55.0,0.584833089061753,0.08183357760491357,0.552100296057727,0.552100296057727,0.584833089061753,0.1145663706089396
55.1,0.5337598915420853,0.1329067751245814,0.5996795476403981,0.5996795476403981,0.5337598915420853,0.06698711902626855
55.2,0.473897927277766,0.1927687393889007,0.6355794351119135,0.6355794351119135,0.473897927277766,0.031087231554753125
55.300000000000004,0.40787216196943754,0.2587945046972291,0.6582257372714195,0.6582257372714195,0.40787216196943754,0.008440929395247099
55.400000000000006,0.33857784590537576,0.3280888207612909,0.6666254067449174,0.6666254067449174,0.33857784590537576,4.1259921749192685e-05
55.5,0.26905355633831607,0.39761311032835056,0.6604101154206315,0.6604101154206315,0.26905355633831607,0.006256551246035117
55.6,0.20234795493043245,0.46431871173623424,0.6398524057509563,0.6398524057509563,0.20234795493043245,0.026814260915710375
55.7,0.14138610299383383,0.5252805636728328,0.6058537396813832,0.6058537396813832,0.14138610299383383,0.0608129269852834
55.800000000000004,0.08884119664474906,0.5778254700219176,0.5599049692645808,0.5599049692645808,0.08884119664474906,0.10676169740208585
55.900000000000006,0.047017346324672984,0.6196493203419937,0.5040209623354603,0.5040209623354603,0.047017346324672984,0.1626457043312063
56.0,0.01774854084283073,0.6489181258238359,0.440652249931655,0.440652249931655,0.01774854084283073,0.2260144167350116
56.1,0.0023182263980367672,0.6643484402686299,0.37257756974742723,0.37257756974742723,0.0023182263980367672,0.29408909691923935
56.2,0.0014030270647846417,0.6652636396018821,0.302782017623882,0.302782017623882,0.0014030270647846417,0.3638846490427846
56.300000000000004,0.015043074617708855,0.6516235920489578,0.23432615017043373,0.23432615017043373,0.015043074617708855,0.43234051649623284
56.400000000000006,0.04264024874081943,0.6240264179258471,0.17021177840817736,0.17021177840817736,0.04264024874081943,0.49645488825848927
56.5,0.0829844047888797,0.5836822618777868,0.11325033742552773,0.11325033742552773,0.0829844047888797,0.5534163292411388
56.6,0.13430643900545572,0.5323602276612109,0.06593960407755786,0.06593960407755786,0.13430643900545572,0.6007270625891087
56.7,0.1943558642713668,0.47231080239529977,0.030354168696156886,0.030354168696156886,0.1943558642713668,0.6363124979705097
56.800000000000004,0.26049949466290534,0.40616717200376123,0.00805446366049219,0.00805446366049219,0.26049949466290534,0.6586122030061744
56.900000000000006,0.32983691147133803,0.33682975519532854,1.8337953176332057e-05,1.8337953176332057e-05,0.32983691147133803,0.6666483287134903
57.0,0.39932764746292004,0.26733901920374653,0.006598178179076116,0.006598178179076116,0.39932764746292004,0.6600684884875905
57.1,0.46592451231016946,0.20074215435649717,0.02750545630338741,0.02750545630338741,0.46592451231016946,0.6391612103632792
57.2,0.5267072128328885,0.13995945383377817,0.06182338169545572,0.06182338169545572,0.5267072128328885,0.604843284971211
57.300000000000004,0.5790104087599182,0.08765625790674839,0.10804710268229863,0.10804710268229863,0.5790104087599182,0.5586195639843681
57.400000000000006,0.6205405887267365,0.04612607793993021,0.16414969476121954,0.16414969476121954,0.6205405887267365,0.5025169719054472
57.5,0.6494766414602011,0.01719002520646551,0.22767104186796985,0.22767104186796985,0.6494766414602011,0.4389956247986968
57.6,0.6645497120727257,0.0021169545939409744,0.29582571322921963,0.29582571322921963,0.6645497120727257,0.37084095343744705
57.7,0.6650988417426694,0.0015678249239972444,0.3656251053659403,0.3656251053659403,0.6650988417426694,0.30104156130072646
57.800000000000004,0.6510999509636793,0.015566715702987325,0.4340084932829483,0.4340084932829483,0.6510999509636793,0.2326581733837183
57.900000000000006,0.6231668954385123,0.04349977122815422,0.4979772442093034,0.4979772442093034,0.6231668954385123,0.16868942245736324
58.0,0.5825245483160675,0.08414211835059926,0.5547263085754125,0.5547263085754125,0.5825245483160675,0.11194035809125413
58.1,0.5309550891238812,0.13571157754278543,0.6017672223067119,0.6017672223067119,0.5309550891238812,0.06489944435995472
58.2,0.4707198546430599,0.19594681202360675,0.6370372267451945,0.6370372267451945,0.4707198546430599,0.029629439921472118
58.300000000000004,0.4044601785890183,0.26220648807764846,0.6589897212563787,0.6589897212563787,0.4044601785890183,0.007676945410288035
58.400000000000006,0.33508156830878466,0.331585098357882,0.6666620821468459,0.6666620821468459,0.33508156830878466,4.584519820808689e-06
58.5,0.26562629738261967,0.401040369284047,0.6597178740117788,0.6597178740117788,0.26562629738261967,0.006948792654887792
58.6,0.19914000098388618,0.46752666568278045,0.6384616025318164,0.6384616025318164,0.19914000098388618,0.02820506413485028
58.7,0.13853812383201913,0.5281285428346475,0.603825361804507,0.603825361804507,0.13853812383201913,0.06284130486215966
58.800000000000004,0.0864780770372819,0.5801885896293848,0.5573279617290201,0.5573279617290201,0.0864780770372819,0.10933870493764641
58.900000000000006,0.0452427097993201,0.6214239568673465,0.5010083277209716,0.5010083277209716,0.0452427097993201,0.16565833894569493
59.0,0.01664020576167576,0.6500264609049908,0.4373360932005259,0.4373360932005259,0.01664020576167576,0.22933057346614066
59.1,0.0019247935981655897,0.6647418730685011,0.3691033054009048,0.3691033054009048,0.0019247935981655897,0.2975633612657618
59.2,0.0017417486965043785,0.6649249179701623,0.2993019932311892,0.2993019932311892,0.0017417486965043785,0.3673646734354774
59.300000000000004,0.0160990976324058,0.6505675690342608,0.23099296588060486,0.23099296588060486,0.0160990976324058,0.4356737007860617
59.400000000000006,0.044367266201747836,0.6222994004649187,0.16717159538619,0.16717159538619,0.044367266201747836,0.49949507128047665
59.5,0.0853066864447011,0.5813599802219656,0.11063646863988315,0.11063646863988315,0.0853066864447011,0.5560301980267834
59.6,0.13712215208524992,0.5295445145814167,0.06386666848526186,0.06386666848526186,0.13712215208524992,0.6027999981814047
59.7,0.1975415388832226,0.46912512778344395,0.02891306516590334,0.02891306516590334,0.1975415388832226,0.6377536015007632
59.800000000000004,0.2639154379869826,0.40275122867968405,0.0073083850290751595,0.0073083850290751595,0.2639154379869826,0.6593582816375914
59.900000000000006,0.3333333333333333,0.33333333333333326,0.0,0.0,0.3333333333333333,0.6666666666666666
